"otableauposte_id","TableauName","tableauLongName","ostableauposte_id","StableauName","StbleauLongName","ostblarea_id","AreaShortName","AreaLongName","oreference_id","RefCode","Description","fullDescription","ocompte_id","CompteNumber","Taux","Exception"
"5aee0eff23b8a2227003e7aa","tblActif","Bilan Actif","5aee0eff23b8a2227003e7a2","tblAmortImmo","Amortissements","5aee0efe23b8a2227003e776","AmortImmo","AmortImmo","5aee0efe23b8a2227003e6f0","AE","Frais de recherche et de développement","AE-Frais de recherche et de développement","5aee0efd23b8a2227003e5f8","2811",1,false
"5aee0eff23b8a2227003e7aa","tblActif","Bilan Actif","5aee0eff23b8a2227003e7a2","tblAmortImmo","Amortissements","5aee0efe23b8a2227003e776","AmortImmo","AmortImmo","5aee0efe23b8a2227003e6f1","AF","Brevets","AF-Brevets","5aee0efd23b8a2227003e5f9","2812",1,false
"5aee0eff23b8a2227003e7aa","tblActif","Bilan Actif","5aee0eff23b8a2227003e7a2","tblAmortImmo","Amortissements","5aee0efe23b8a2227003e776","AmortImmo","AmortImmo","5aee0efe23b8a2227003e6f1","AF","Brevets","AF-Brevets","5aee0efd23b8a2227003e5fa","2813",1,false
"5aee0eff23b8a2227003e7aa","tblActif","Bilan Actif","5aee0eff23b8a2227003e7a2","tblAmortImmo","Amortissements","5aee0efe23b8a2227003e776","AmortImmo","AmortImmo","5aee0efe23b8a2227003e6f1","AF","Brevets","AF-Brevets","5aee0efd23b8a2227003e5fb","2814",1,false
"5aee0eff23b8a2227003e7aa","tblActif","Bilan Actif","5aee0eff23b8a2227003e7a2","tblAmortImmo","Amortissements","5aee0efe23b8a2227003e776","AmortImmo","AmortImmo","5aee0efe23b8a2227003e6f2","AG","Fonds commercial","AG-Fonds commercial","5aee0efd23b8a2227003e5fc","2815",1,false
"5aee0eff23b8a2227003e7aa","tblActif","Bilan Actif","5aee0eff23b8a2227003e7a2","tblAmortImmo","Amortissements","5aee0efe23b8a2227003e776","AmortImmo","AmortImmo","5aee0efe23b8a2227003e6f2","AG","Fonds commercial","AG-Fonds commercial","5aee0efd23b8a2227003e5fd","2816",1,false
"5aee0eff23b8a2227003e7aa","tblActif","Bilan Actif","5aee0eff23b8a2227003e7a2","tblAmortImmo","Amortissements","5aee0efe23b8a2227003e776","AmortImmo","AmortImmo","5aee0efe23b8a2227003e6f3","AH","Autres immobilisations incorporelles","AH-Autres immobilisations incorporelles","5aee0efd23b8a2227003e5fe","2817",1,false
"5aee0eff23b8a2227003e7aa","tblActif","Bilan Actif","5aee0eff23b8a2227003e7a2","tblAmortImmo","Amortissements","5aee0efe23b8a2227003e776","AmortImmo","AmortImmo","5aee0efe23b8a2227003e6f3","AH","Autres immobilisations incorporelles","AH-Autres immobilisations incorporelles","5aee0efd23b8a2227003e5ff","2818",1,false
"5aee0eff23b8a2227003e7aa","tblActif","Bilan Actif","5aee0eff23b8a2227003e7a2","tblAmortImmo","Amortissements","5aee0efe23b8a2227003e776","AmortImmo","AmortImmo","5aee0efe23b8a2227003e6f4","AJ","Terrains","AJ-Terrains","5aee0efd23b8a2227003e600","282",1,false
"5aee0eff23b8a2227003e7aa","tblActif","Bilan Actif","5aee0eff23b8a2227003e7a2","tblAmortImmo","Amortissements","5aee0efe23b8a2227003e776","AmortImmo","AmortImmo","5aee0efe23b8a2227003e6f5","AK","Bâtiments","AK-Bâtiments","5aee0efd23b8a2227003e601","2831",1,false
"5aee0eff23b8a2227003e7aa","tblActif","Bilan Actif","5aee0eff23b8a2227003e7a2","tblAmortImmo","Amortissements","5aee0efe23b8a2227003e776","AmortImmo","AmortImmo","5aee0efe23b8a2227003e6f5","AK","Bâtiments","AK-Bâtiments","5aee0efd23b8a2227003e602","2832",1,false
"5aee0eff23b8a2227003e7aa","tblActif","Bilan Actif","5aee0eff23b8a2227003e7a2","tblAmortImmo","Amortissements","5aee0efe23b8a2227003e776","AmortImmo","AmortImmo","5aee0efe23b8a2227003e6f5","AK","Bâtiments","AK-Bâtiments","5aee0efd23b8a2227003e603","2833",1,false
"5aee0eff23b8a2227003e7aa","tblActif","Bilan Actif","5aee0eff23b8a2227003e7a2","tblAmortImmo","Amortissements","5aee0efe23b8a2227003e776","AmortImmo","AmortImmo","5aee0efe23b8a2227003e6f5","AK","Bâtiments","AK-Bâtiments","5aee0efd23b8a2227003e604","2837",1,false
"5aee0eff23b8a2227003e7aa","tblActif","Bilan Actif","5aee0eff23b8a2227003e7a2","tblAmortImmo","Amortissements","5aee0efe23b8a2227003e776","AmortImmo","AmortImmo","5aee0efe23b8a2227003e6f6","AL","Installations et agencements","AL-Installations et agencements","5aee0efd23b8a2227003e605","283",1,true
"5aee0eff23b8a2227003e7aa","tblActif","Bilan Actif","5aee0eff23b8a2227003e7a2","tblAmortImmo","Amortissements","5aee0efe23b8a2227003e776","AmortImmo","AmortImmo","5aee0efe23b8a2227003e6f7","AM","Matériel","AM-Matériel","5aee0efd23b8a2227003e606","284",1,true
"5aee0eff23b8a2227003e7aa","tblActif","Bilan Actif","5aee0eff23b8a2227003e7a2","tblAmortImmo","Amortissements","5aee0efe23b8a2227003e776","AmortImmo","AmortImmo","5aee0efe23b8a2227003e6f8","AN","Matériel de transport","AN-Matériel de transport","5aee0efd23b8a2227003e607","2845",1,false
"5aee0eff23b8a2227003e7aa","tblActif","Bilan Actif","5aee0eff23b8a2227003e7a3","tblBilanActif","Bilan Actif","5aee0efe23b8a2227003e775","ActifCircul","ActifCircul","5aee0efe23b8a2227003e6ff","BA","Actif circulant h.a.o.","BA-Actif circulant h.a.o.","5aee0efd23b8a2227003e608","485",1,false
"5aee0eff23b8a2227003e7aa","tblActif","Bilan Actif","5aee0eff23b8a2227003e7a3","tblBilanActif","Bilan Actif","5aee0efe23b8a2227003e775","ActifCircul","ActifCircul","5aee0efe23b8a2227003e6ff","BA","Actif circulant h.a.o.","BA-Actif circulant h.a.o.","5aee0efd23b8a2227003e609","486",1,false
"5aee0eff23b8a2227003e7aa","tblActif","Bilan Actif","5aee0eff23b8a2227003e7a3","tblBilanActif","Bilan Actif","5aee0efe23b8a2227003e775","ActifCircul","ActifCircul","5aee0efe23b8a2227003e6ff","BA","Actif circulant h.a.o.","BA-Actif circulant h.a.o.","5aee0efd23b8a2227003e60a","488",1,false
"5aee0eff23b8a2227003e7aa","tblActif","Bilan Actif","5aee0eff23b8a2227003e7a3","tblBilanActif","Bilan Actif","5aee0efe23b8a2227003e778","AvanceAcpteImmo","AvanceAcpteImmo","5aee0efe23b8a2227003e6f9","AP","Avances et acomptes versés sur immobilisations","AP-Avances et acomptes versés sur immobilisations","5aee0efd23b8a2227003e60b","25",1,false
"5aee0eff23b8a2227003e7aa","tblActif","Bilan Actif","5aee0eff23b8a2227003e7a3","tblBilanActif","Bilan Actif","5aee0efe23b8a2227003e77a","ChargesImmo","ChargesImmo","5aee0efe23b8a2227003e6ef","AC","Primes de remboursement des obligations","AC-Primes de remboursement des obligations","5aee0efd23b8a2227003e60c","206",1,false
"5aee0eff23b8a2227003e7aa","tblActif","Bilan Actif","5aee0eff23b8a2227003e7a3","tblBilanActif","Bilan Actif","5aee0efe23b8a2227003e77a","ChargesImmo","ChargesImmo","5aee0efe23b8a2227003e6fd","AX","Frais d'établissement ","AX-Frais d'établissement ","5aee0efd23b8a2227003e60d","201",1,false
"5aee0eff23b8a2227003e7aa","tblActif","Bilan Actif","5aee0eff23b8a2227003e7a3","tblBilanActif","Bilan Actif","5aee0efe23b8a2227003e77a","ChargesImmo","ChargesImmo","5aee0efe23b8a2227003e6fe","AY","Charges à répartir","AY-Charges à répartir","5aee0efd23b8a2227003e60e","202",1,false
"5aee0eff23b8a2227003e7aa","tblActif","Bilan Actif","5aee0eff23b8a2227003e7a3","tblBilanActif","Bilan Actif","5aee0efe23b8a2227003e781","CreancEmploi","CreancEmploi","5aee0efe23b8a2227003e704","BH","Fournisseurs avances versées","BH-Fournisseurs avances versées","5aee0efd23b8a2227003e60f","409",1,false
"5aee0eff23b8a2227003e7aa","tblActif","Bilan Actif","5aee0eff23b8a2227003e7a3","tblBilanActif","Bilan Actif","5aee0efe23b8a2227003e781","CreancEmploi","CreancEmploi","5aee0efe23b8a2227003e705","BI","Clients","BI-Clients","5aee0efd23b8a2227003e610","41",1,true
"5aee0eff23b8a2227003e7aa","tblActif","Bilan Actif","5aee0eff23b8a2227003e7a3","tblBilanActif","Bilan Actif","5aee0efe23b8a2227003e781","CreancEmploi","CreancEmploi","5aee0efe23b8a2227003e706","BJ","Autres créances","BJ-Autres créances","5aee0efd23b8a2227003e611","45",1,false
"5aee0eff23b8a2227003e7aa","tblActif","Bilan Actif","5aee0eff23b8a2227003e7a3","tblBilanActif","Bilan Actif","5aee0efe23b8a2227003e781","CreancEmploi","CreancEmploi","5aee0efe23b8a2227003e706","BJ","Autres créances","BJ-Autres créances","5aee0efd23b8a2227003e612","46",1,false
"5aee0eff23b8a2227003e7aa","tblActif","Bilan Actif","5aee0eff23b8a2227003e7a3","tblBilanActif","Bilan Actif","5aee0efe23b8a2227003e781","CreancEmploi","CreancEmploi","5aee0efe23b8a2227003e706","BJ","Autres créances","BJ-Autres créances","5aee0efd23b8a2227003e613","421",1,false
"5aee0eff23b8a2227003e7aa","tblActif","Bilan Actif","5aee0eff23b8a2227003e7a3","tblBilanActif","Bilan Actif","5aee0efe23b8a2227003e781","CreancEmploi","CreancEmploi","5aee0efe23b8a2227003e706","BJ","Autres créances","BJ-Autres créances","5aee0efd23b8a2227003e614","445",1,false
"5aee0eff23b8a2227003e7aa","tblActif","Bilan Actif","5aee0eff23b8a2227003e7a3","tblBilanActif","Bilan Actif","5aee0efe23b8a2227003e781","CreancEmploi","CreancEmploi","5aee0efe23b8a2227003e706","BJ","Autres créances","BJ-Autres créances","5aee0efd23b8a2227003e615","449",1,false
"5aee0eff23b8a2227003e7aa","tblActif","Bilan Actif","5aee0eff23b8a2227003e7a3","tblBilanActif","Bilan Actif","5aee0efe23b8a2227003e781","CreancEmploi","CreancEmploi","5aee0efe23b8a2227003e706","BJ","Autres créances","BJ-Autres créances","5aee0efd23b8a2227003e616","475",1,false
"5aee0eff23b8a2227003e7aa","tblActif","Bilan Actif","5aee0eff23b8a2227003e7a3","tblBilanActif","Bilan Actif","5aee0efe23b8a2227003e781","CreancEmploi","CreancEmploi","5aee0efe23b8a2227003e706","BJ","Autres créances","BJ-Autres créances","5aee0efd23b8a2227003e617","476",1,false
"5aee0eff23b8a2227003e7aa","tblActif","Bilan Actif","5aee0eff23b8a2227003e7a3","tblBilanActif","Bilan Actif","5aee0efe23b8a2227003e781","CreancEmploi","CreancEmploi","5aee0efe23b8a2227003e706","BJ","Autres créances","BJ-Autres créances","5aee0efd23b8a2227003e618","4287",1,false
"5aee0eff23b8a2227003e7aa","tblActif","Bilan Actif","5aee0eff23b8a2227003e7a3","tblBilanActif","Bilan Actif","5aee0efe23b8a2227003e781","CreancEmploi","CreancEmploi","5aee0efe23b8a2227003e706","BJ","Autres créances","BJ-Autres créances","5aee0efd23b8a2227003e619","4387",1,false
"5aee0eff23b8a2227003e7aa","tblActif","Bilan Actif","5aee0eff23b8a2227003e7a3","tblBilanActif","Bilan Actif","5aee0efe23b8a2227003e781","CreancEmploi","CreancEmploi","5aee0efe23b8a2227003e706","BJ","Autres créances","BJ-Autres créances","5aee0efd23b8a2227003e61a","4449",1,false
"5aee0eff23b8a2227003e7aa","tblActif","Bilan Actif","5aee0eff23b8a2227003e7a3","tblBilanActif","Bilan Actif","5aee0efe23b8a2227003e781","CreancEmploi","CreancEmploi","5aee0efe23b8a2227003e706","BJ","Autres créances","BJ-Autres créances","5aee0efd23b8a2227003e61b","4487",1,false
"5aee0eff23b8a2227003e7aa","tblActif","Bilan Actif","5aee0eff23b8a2227003e7a3","tblBilanActif","Bilan Actif","5aee0efe23b8a2227003e781","CreancEmploi","CreancEmploi","5aee0efe23b8a2227003e706","BJ","Autres créances","BJ-Autres créances","5aee0efd23b8a2227003e61c","4711",1,false
"5aee0eff23b8a2227003e7aa","tblActif","Bilan Actif","5aee0eff23b8a2227003e7a3","tblBilanActif","Bilan Actif","5aee0efe23b8a2227003e784","EcartConvActif","EcartConvActif","5aee0efe23b8a2227003e70a","BU","Écarts de conversion-actif","BU-Écarts de conversion-actif","5aee0efd23b8a2227003e61d","478",1,false
"5aee0eff23b8a2227003e7aa","tblActif","Bilan Actif","5aee0eff23b8a2227003e7a3","tblBilanActif","Bilan Actif","5aee0efe23b8a2227003e786","ImmoCorpo","ImmoCorpo","5aee0efe23b8a2227003e6f4","AJ","Terrains","AJ-Terrains","5aee0efd23b8a2227003e61e","22",1,false
"5aee0eff23b8a2227003e7aa","tblActif","Bilan Actif","5aee0eff23b8a2227003e7a3","tblBilanActif","Bilan Actif","5aee0efe23b8a2227003e786","ImmoCorpo","ImmoCorpo","5aee0efe23b8a2227003e6f5","AK","Bâtiments","AK-Bâtiments","5aee0efd23b8a2227003e61f","231",1,false
"5aee0eff23b8a2227003e7aa","tblActif","Bilan Actif","5aee0eff23b8a2227003e7a3","tblBilanActif","Bilan Actif","5aee0efe23b8a2227003e786","ImmoCorpo","ImmoCorpo","5aee0efe23b8a2227003e6f5","AK","Bâtiments","AK-Bâtiments","5aee0efd23b8a2227003e620","232",1,false
"5aee0eff23b8a2227003e7aa","tblActif","Bilan Actif","5aee0eff23b8a2227003e7a3","tblBilanActif","Bilan Actif","5aee0efe23b8a2227003e786","ImmoCorpo","ImmoCorpo","5aee0efe23b8a2227003e6f5","AK","Bâtiments","AK-Bâtiments","5aee0efd23b8a2227003e621","233",1,false
"5aee0eff23b8a2227003e7aa","tblActif","Bilan Actif","5aee0eff23b8a2227003e7a3","tblBilanActif","Bilan Actif","5aee0efe23b8a2227003e786","ImmoCorpo","ImmoCorpo","5aee0efe23b8a2227003e6f5","AK","Bâtiments","AK-Bâtiments","5aee0efd23b8a2227003e622","237",1,false
"5aee0eff23b8a2227003e7aa","tblActif","Bilan Actif","5aee0eff23b8a2227003e7a3","tblBilanActif","Bilan Actif","5aee0efe23b8a2227003e786","ImmoCorpo","ImmoCorpo","5aee0efe23b8a2227003e6f5","AK","Bâtiments","AK-Bâtiments","5aee0efd23b8a2227003e623","239",1,true
"5aee0eff23b8a2227003e7aa","tblActif","Bilan Actif","5aee0eff23b8a2227003e7a3","tblBilanActif","Bilan Actif","5aee0efe23b8a2227003e786","ImmoCorpo","ImmoCorpo","5aee0efe23b8a2227003e6f6","AL","Installations et agencements","AL-Installations et agencements","5aee0efd23b8a2227003e623","239",1,true
"5aee0eff23b8a2227003e7aa","tblActif","Bilan Actif","5aee0eff23b8a2227003e7a3","tblBilanActif","Bilan Actif","5aee0efe23b8a2227003e786","ImmoCorpo","ImmoCorpo","5aee0efe23b8a2227003e6f6","AL","Installations et agencements","AL-Installations et agencements","5aee0efd23b8a2227003e624","234",1,false
"5aee0eff23b8a2227003e7aa","tblActif","Bilan Actif","5aee0eff23b8a2227003e7a3","tblBilanActif","Bilan Actif","5aee0efe23b8a2227003e786","ImmoCorpo","ImmoCorpo","5aee0efe23b8a2227003e6f6","AL","Installations et agencements","AL-Installations et agencements","5aee0efd23b8a2227003e625","235",1,false
"5aee0eff23b8a2227003e7aa","tblActif","Bilan Actif","5aee0eff23b8a2227003e7a3","tblBilanActif","Bilan Actif","5aee0efe23b8a2227003e786","ImmoCorpo","ImmoCorpo","5aee0efe23b8a2227003e6f6","AL","Installations et agencements","AL-Installations et agencements","5aee0efd23b8a2227003e626","238",1,false
"5aee0eff23b8a2227003e7aa","tblActif","Bilan Actif","5aee0eff23b8a2227003e7a3","tblBilanActif","Bilan Actif","5aee0efe23b8a2227003e786","ImmoCorpo","ImmoCorpo","5aee0efe23b8a2227003e6f5","AK","Bâtiments","AK-Bâtiments","5aee0efd23b8a2227003e627","239",1,false
"5aee0eff23b8a2227003e7aa","tblActif","Bilan Actif","5aee0eff23b8a2227003e7a3","tblBilanActif","Bilan Actif","5aee0efe23b8a2227003e786","ImmoCorpo","ImmoCorpo","5aee0efe23b8a2227003e6f6","AL","Installations et agencements","AL-Installations et agencements","5aee0efd23b8a2227003e627","239",1,false
"5aee0eff23b8a2227003e7aa","tblActif","Bilan Actif","5aee0eff23b8a2227003e7a3","tblBilanActif","Bilan Actif","5aee0efe23b8a2227003e786","ImmoCorpo","ImmoCorpo","5aee0efe23b8a2227003e6f7","AM","Matériel","AM-Matériel","5aee0efd23b8a2227003e628","24",1,true
"5aee0eff23b8a2227003e7aa","tblActif","Bilan Actif","5aee0eff23b8a2227003e7a3","tblBilanActif","Bilan Actif","5aee0efe23b8a2227003e786","ImmoCorpo","ImmoCorpo","5aee0efe23b8a2227003e6f7","AM","Matériel","AM-Matériel","5aee0efd23b8a2227003e629","249",1,true
"5aee0eff23b8a2227003e7aa","tblActif","Bilan Actif","5aee0eff23b8a2227003e7a3","tblBilanActif","Bilan Actif","5aee0efe23b8a2227003e786","ImmoCorpo","ImmoCorpo","5aee0efe23b8a2227003e6f8","AN","Matériel de transport","AN-Matériel de transport","5aee0efd23b8a2227003e62a","245",1,false
"5aee0eff23b8a2227003e7aa","tblActif","Bilan Actif","5aee0eff23b8a2227003e7a3","tblBilanActif","Bilan Actif","5aee0efe23b8a2227003e786","ImmoCorpo","ImmoCorpo","5aee0efe23b8a2227003e6f8","AN","Matériel de transport","AN-Matériel de transport","5aee0efd23b8a2227003e62b","2495",1,false
"5aee0eff23b8a2227003e7aa","tblActif","Bilan Actif","5aee0eff23b8a2227003e7a3","tblBilanActif","Bilan Actif","5aee0efe23b8a2227003e787","ImmoFinan","ImmoFinan","5aee0efe23b8a2227003e6fa","AR","Titres de participation","AR-Titres de participation","5aee0efd23b8a2227003e62c","26",1,false
"5aee0eff23b8a2227003e7aa","tblActif","Bilan Actif","5aee0eff23b8a2227003e7a3","tblBilanActif","Bilan Actif","5aee0efe23b8a2227003e787","ImmoFinan","ImmoFinan","5aee0efe23b8a2227003e6fb","AS","Autres immobilisations financières","AS-Autres immobilisations financières","5aee0efd23b8a2227003e62d","27",1,false
"5aee0eff23b8a2227003e7aa","tblActif","Bilan Actif","5aee0eff23b8a2227003e7a3","tblBilanActif","Bilan Actif","5aee0efe23b8a2227003e787","ImmoFinan","ImmoFinan","5aee0efe23b8a2227003e6fc","AW","(i) dont h.a.o. :","AW-(i) dont h.a.o. :","5aee0efd23b8a2227003e62e","0000",1,false
"5aee0eff23b8a2227003e7aa","tblActif","Bilan Actif","5aee0eff23b8a2227003e7a3","tblBilanActif","Bilan Actif","5aee0efe23b8a2227003e787","ImmoFinan","ImmoFinan","5aee0efe23b8a2227003e753","BZ","Total general ( i +  ii +  iii +  iv)","BZ-Total general ( i +  ii +  iii +  iv)","5aee0efd23b8a2227003e62e","0000",1,false
"5aee0eff23b8a2227003e7aa","tblActif","Bilan Actif","5aee0eff23b8a2227003e7a3","tblBilanActif","Bilan Actif","5aee0efe23b8a2227003e787","ImmoFinan","ImmoFinan","5aee0efe23b8a2227003e754","DZ","Total general (i+ii+iii+iv+v)","DZ-Total general (i+ii+iii+iv+v)","5aee0efd23b8a2227003e62e","0000",1,false
"5aee0eff23b8a2227003e7aa","tblActif","Bilan Actif","5aee0eff23b8a2227003e7a3","tblBilanActif","Bilan Actif","5aee0efe23b8a2227003e787","ImmoFinan","ImmoFinan","5aee0efe23b8a2227003e755","ST","Total general des charges","ST-Total general des charges","5aee0efd23b8a2227003e62e","0000",1,false
"5aee0eff23b8a2227003e7aa","tblActif","Bilan Actif","5aee0eff23b8a2227003e7a3","tblBilanActif","Bilan Actif","5aee0efe23b8a2227003e787","ImmoFinan","ImmoFinan","5aee0efe23b8a2227003e756","UT","Total general des produits","UT-Total general des produits","5aee0efd23b8a2227003e62e","0000",1,false
"5aee0eff23b8a2227003e7aa","tblActif","Bilan Actif","5aee0eff23b8a2227003e7a3","tblBilanActif","Bilan Actif","5aee0efe23b8a2227003e787","ImmoFinan","ImmoFinan","5aee0efe23b8a2227003e757","AZ","Total actif immobilise (i)","AZ-Total actif immobilise (i)","5aee0efd23b8a2227003e62e","0000",1,false
"5aee0eff23b8a2227003e7aa","tblActif","Bilan Actif","5aee0eff23b8a2227003e7a3","tblBilanActif","Bilan Actif","5aee0efe23b8a2227003e787","ImmoFinan","ImmoFinan","5aee0efe23b8a2227003e758","BK","Total actif circulant (ii)","BK-Total actif circulant (ii)","5aee0efd23b8a2227003e62e","0000",1,false
"5aee0eff23b8a2227003e7aa","tblActif","Bilan Actif","5aee0eff23b8a2227003e7a3","tblBilanActif","Bilan Actif","5aee0efe23b8a2227003e787","ImmoFinan","ImmoFinan","5aee0efe23b8a2227003e759","DG","Total ressources stables (i + ii)","DG-Total ressources stables (i + ii)","5aee0efd23b8a2227003e62e","0000",1,false
"5aee0eff23b8a2227003e7aa","tblActif","Bilan Actif","5aee0eff23b8a2227003e7a3","tblBilanActif","Bilan Actif","5aee0efe23b8a2227003e787","ImmoFinan","ImmoFinan","5aee0efe23b8a2227003e75a","DP","Total passif circulant (iii)","DP-Total passif circulant (iii)","5aee0efd23b8a2227003e62e","0000",1,false
"5aee0eff23b8a2227003e7aa","tblActif","Bilan Actif","5aee0eff23b8a2227003e7a3","tblBilanActif","Bilan Actif","5aee0efe23b8a2227003e787","ImmoFinan","ImmoFinan","5aee0efe23b8a2227003e75b","SH","Charges des activités ordinaires","SH-Charges des activités ordinaires","5aee0efd23b8a2227003e62e","0000",1,false
"5aee0eff23b8a2227003e7aa","tblActif","Bilan Actif","5aee0eff23b8a2227003e7a3","tblBilanActif","Bilan Actif","5aee0efe23b8a2227003e787","ImmoFinan","ImmoFinan","5aee0efe23b8a2227003e75c","SO","Total des charges h.a.o.","SO-Total des charges h.a.o.","5aee0efd23b8a2227003e62e","0000",1,false
"5aee0eff23b8a2227003e7aa","tblActif","Bilan Actif","5aee0eff23b8a2227003e7a3","tblBilanActif","Bilan Actif","5aee0efe23b8a2227003e787","ImmoFinan","ImmoFinan","5aee0efe23b8a2227003e75d","UH","Total produits des activites ordinaires","UH-Total produits des activites ordinaires","5aee0efd23b8a2227003e62e","0000",1,false
"5aee0eff23b8a2227003e7aa","tblActif","Bilan Actif","5aee0eff23b8a2227003e7a3","tblBilanActif","Bilan Actif","5aee0efe23b8a2227003e787","ImmoFinan","ImmoFinan","5aee0efe23b8a2227003e75e","AA","Charges immobilisées","AA-Charges immobilisées","5aee0efd23b8a2227003e62e","0000",1,false
"5aee0eff23b8a2227003e7aa","tblActif","Bilan Actif","5aee0eff23b8a2227003e7a3","tblBilanActif","Bilan Actif","5aee0efe23b8a2227003e787","ImmoFinan","ImmoFinan","5aee0efe23b8a2227003e75f","AD","Immobilisations incorporelles","AD-Immobilisations incorporelles","5aee0efd23b8a2227003e62e","0000",1,false
"5aee0eff23b8a2227003e7aa","tblActif","Bilan Actif","5aee0eff23b8a2227003e7a3","tblBilanActif","Bilan Actif","5aee0efe23b8a2227003e787","ImmoFinan","ImmoFinan","5aee0efe23b8a2227003e760","AI","Immobilisations corporelles","AI-Immobilisations corporelles","5aee0efd23b8a2227003e62e","0000",1,false
"5aee0eff23b8a2227003e7aa","tblActif","Bilan Actif","5aee0eff23b8a2227003e7a3","tblBilanActif","Bilan Actif","5aee0efe23b8a2227003e787","ImmoFinan","ImmoFinan","5aee0efe23b8a2227003e761","AQ","Immobilisations financières","AQ-Immobilisations financières","5aee0efd23b8a2227003e62e","0000",1,false
"5aee0eff23b8a2227003e7aa","tblActif","Bilan Actif","5aee0eff23b8a2227003e7a3","tblBilanActif","Bilan Actif","5aee0efe23b8a2227003e787","ImmoFinan","ImmoFinan","5aee0efe23b8a2227003e762","BB","Stocks","BB-Stocks","5aee0efd23b8a2227003e62e","0000",1,false
"5aee0eff23b8a2227003e7aa","tblActif","Bilan Actif","5aee0eff23b8a2227003e7a3","tblBilanActif","Bilan Actif","5aee0efe23b8a2227003e787","ImmoFinan","ImmoFinan","5aee0efe23b8a2227003e763","BG","Créances et emplois assimilés","BG-Créances et emplois assimilés","5aee0efd23b8a2227003e62e","0000",1,false
"5aee0eff23b8a2227003e7aa","tblActif","Bilan Actif","5aee0eff23b8a2227003e7a3","tblBilanActif","Bilan Actif","5aee0efe23b8a2227003e787","ImmoFinan","ImmoFinan","5aee0efe23b8a2227003e764","BT","Total tresorerie - actif (iii)","BT-Total tresorerie - actif (iii)","5aee0efd23b8a2227003e62e","0000",1,false
"5aee0eff23b8a2227003e7aa","tblActif","Bilan Actif","5aee0eff23b8a2227003e7a3","tblBilanActif","Bilan Actif","5aee0efe23b8a2227003e787","ImmoFinan","ImmoFinan","5aee0efe23b8a2227003e765","CP","Total capitaux propres (i)","CP-Total capitaux propres (i)","5aee0efd23b8a2227003e62e","0000",1,false
"5aee0eff23b8a2227003e7aa","tblActif","Bilan Actif","5aee0eff23b8a2227003e7a3","tblBilanActif","Bilan Actif","5aee0efe23b8a2227003e787","ImmoFinan","ImmoFinan","5aee0efe23b8a2227003e766","DF","Total dettes financieres (ii)","DF-Total dettes financieres (ii)","5aee0efd23b8a2227003e62e","0000",1,false
"5aee0eff23b8a2227003e7aa","tblActif","Bilan Actif","5aee0eff23b8a2227003e7a3","tblBilanActif","Bilan Actif","5aee0efe23b8a2227003e787","ImmoFinan","ImmoFinan","5aee0efe23b8a2227003e767","DT","Total tresorerie - passif (iv)","DT-Total tresorerie - passif (iv)","5aee0efd23b8a2227003e62e","0000",1,false
"5aee0eff23b8a2227003e7aa","tblActif","Bilan Actif","5aee0eff23b8a2227003e7a3","tblBilanActif","Bilan Actif","5aee0efe23b8a2227003e787","ImmoFinan","ImmoFinan","5aee0efe23b8a2227003e768","RW","Total des charges d'exploitation","RW-Total des charges d'exploitation","5aee0efd23b8a2227003e62e","0000",1,false
"5aee0eff23b8a2227003e7aa","tblActif","Bilan Actif","5aee0eff23b8a2227003e7a3","tblBilanActif","Bilan Actif","5aee0efe23b8a2227003e787","ImmoFinan","ImmoFinan","5aee0efe23b8a2227003e769","SF","Total des charges financières","SF-Total des charges financières","5aee0efd23b8a2227003e62e","0000",1,false
"5aee0eff23b8a2227003e7aa","tblActif","Bilan Actif","5aee0eff23b8a2227003e7a3","tblBilanActif","Bilan Actif","5aee0efe23b8a2227003e787","ImmoFinan","ImmoFinan","5aee0efe23b8a2227003e76a","SS","Total participation et impôts","SS-Total participation et impôts","5aee0efd23b8a2227003e62e","0000",1,false
"5aee0eff23b8a2227003e7aa","tblActif","Bilan Actif","5aee0eff23b8a2227003e7a3","tblBilanActif","Bilan Actif","5aee0efe23b8a2227003e787","ImmoFinan","ImmoFinan","5aee0efe23b8a2227003e76b","TW","Total des produits d'exploitation","TW-Total des produits d'exploitation","5aee0efd23b8a2227003e62e","0000",1,false
"5aee0eff23b8a2227003e7aa","tblActif","Bilan Actif","5aee0eff23b8a2227003e7a3","tblBilanActif","Bilan Actif","5aee0efe23b8a2227003e787","ImmoFinan","ImmoFinan","5aee0efe23b8a2227003e76c","UF","Total des produits financiers","UF-Total des produits financiers","5aee0efd23b8a2227003e62e","0000",1,false
"5aee0eff23b8a2227003e7aa","tblActif","Bilan Actif","5aee0eff23b8a2227003e7a3","tblBilanActif","Bilan Actif","5aee0efe23b8a2227003e787","ImmoFinan","ImmoFinan","5aee0efe23b8a2227003e76d","UO","Total des produits h.a.o.","UO-Total des produits h.a.o.","5aee0efd23b8a2227003e62e","0000",1,false
"5aee0eff23b8a2227003e7aa","tblActif","Bilan Actif","5aee0eff23b8a2227003e7a3","tblBilanActif","Bilan Actif","5aee0efe23b8a2227003e787","ImmoFinan","ImmoFinan","5aee0efe23b8a2227003e76e","CC","Primes et reserves","CC-Primes et reserves","5aee0efd23b8a2227003e62e","0000",1,false
"5aee0eff23b8a2227003e7aa","tblActif","Bilan Actif","5aee0eff23b8a2227003e7a3","tblBilanActif","Bilan Actif","5aee0efe23b8a2227003e787","ImmoFinan","ImmoFinan","5aee0efe23b8a2227003e76f","CK","Autres capitaux propres","CK-Autres capitaux propres","5aee0efd23b8a2227003e62e","0000",1,false
"5aee0eff23b8a2227003e7aa","tblActif","Bilan Actif","5aee0eff23b8a2227003e7a3","tblBilanActif","Bilan Actif","5aee0efe23b8a2227003e787","ImmoFinan","ImmoFinan","5aee0efe23b8a2227003e770","DE","(i) dont h.a.o. :","DE-(i) dont h.a.o. :","5aee0efd23b8a2227003e62e","0000",1,false
"5aee0eff23b8a2227003e7aa","tblActif","Bilan Actif","5aee0eff23b8a2227003e7a3","tblBilanActif","Bilan Actif","5aee0efe23b8a2227003e787","ImmoFinan","ImmoFinan","5aee0efe23b8a2227003e771","RQ","(excédent brut d'exploitation voir tq)","RQ-(excédent brut d'exploitation voir tq)","5aee0efd23b8a2227003e62e","0000",1,false
"5aee0eff23b8a2227003e7aa","tblActif","Bilan Actif","5aee0eff23b8a2227003e7a3","tblBilanActif","Bilan Actif","5aee0efe23b8a2227003e787","ImmoFinan","ImmoFinan","5aee0efe23b8a2227003e772","TI","Chiffres d'affaires (ta+tc+td+th)","TI-Chiffres d'affaires (ta+tc+td+th)","5aee0efd23b8a2227003e62e","0000",1,false
"5aee0eff23b8a2227003e7aa","tblActif","Bilan Actif","5aee0eff23b8a2227003e7a3","tblBilanActif","Bilan Actif","5aee0efe23b8a2227003e787","ImmoFinan","ImmoFinan","5aee0efe23b8a2227003e773","TJ","(1) dont à l'exportation ","TJ-(1) dont à l'exportation ","5aee0efd23b8a2227003e62e","0000",1,false
"5aee0eff23b8a2227003e7aa","tblActif","Bilan Actif","5aee0eff23b8a2227003e7a3","tblBilanActif","Bilan Actif","5aee0efe23b8a2227003e787","ImmoFinan","ImmoFinan","5aee0efe23b8a2227003e774","UJ","(1) dont impôt correspondant ","UJ-(1) dont impôt correspondant ","5aee0efd23b8a2227003e62e","0000",1,false
"5aee0eff23b8a2227003e7aa","tblActif","Bilan Actif","5aee0eff23b8a2227003e7a3","tblBilanActif","Bilan Actif","5aee0efe23b8a2227003e788","ImmoIncorp","ImmoIncorp","5aee0efe23b8a2227003e6f0","AE","Frais de recherche et de développement","AE-Frais de recherche et de développement","5aee0efd23b8a2227003e62f","211",1,false
"5aee0eff23b8a2227003e7aa","tblActif","Bilan Actif","5aee0eff23b8a2227003e7a3","tblBilanActif","Bilan Actif","5aee0efe23b8a2227003e788","ImmoIncorp","ImmoIncorp","5aee0efe23b8a2227003e6f0","AE","Frais de recherche et de développement","AE-Frais de recherche et de développement","5aee0efd23b8a2227003e630","2191",1,false
"5aee0eff23b8a2227003e7aa","tblActif","Bilan Actif","5aee0eff23b8a2227003e7a3","tblBilanActif","Bilan Actif","5aee0efe23b8a2227003e788","ImmoIncorp","ImmoIncorp","5aee0efe23b8a2227003e6f1","AF","Brevets","AF-Brevets","5aee0efd23b8a2227003e631","212",1,false
"5aee0eff23b8a2227003e7aa","tblActif","Bilan Actif","5aee0eff23b8a2227003e7a3","tblBilanActif","Bilan Actif","5aee0efe23b8a2227003e788","ImmoIncorp","ImmoIncorp","5aee0efe23b8a2227003e6f1","AF","Brevets","AF-Brevets","5aee0efd23b8a2227003e632","213",1,false
"5aee0eff23b8a2227003e7aa","tblActif","Bilan Actif","5aee0eff23b8a2227003e7a3","tblBilanActif","Bilan Actif","5aee0efe23b8a2227003e788","ImmoIncorp","ImmoIncorp","5aee0efe23b8a2227003e6f1","AF","Brevets","AF-Brevets","5aee0efd23b8a2227003e633","214",1,false
"5aee0eff23b8a2227003e7aa","tblActif","Bilan Actif","5aee0eff23b8a2227003e7a3","tblBilanActif","Bilan Actif","5aee0efe23b8a2227003e788","ImmoIncorp","ImmoIncorp","5aee0efe23b8a2227003e6f1","AF","Brevets","AF-Brevets","5aee0efd23b8a2227003e634","2193",1,false
"5aee0eff23b8a2227003e7aa","tblActif","Bilan Actif","5aee0eff23b8a2227003e7a3","tblBilanActif","Bilan Actif","5aee0efe23b8a2227003e788","ImmoIncorp","ImmoIncorp","5aee0efe23b8a2227003e6f2","AG","Fonds commercial","AG-Fonds commercial","5aee0efd23b8a2227003e635","215",1,false
"5aee0eff23b8a2227003e7aa","tblActif","Bilan Actif","5aee0eff23b8a2227003e7a3","tblBilanActif","Bilan Actif","5aee0efe23b8a2227003e788","ImmoIncorp","ImmoIncorp","5aee0efe23b8a2227003e6f2","AG","Fonds commercial","AG-Fonds commercial","5aee0efd23b8a2227003e636","216",1,false
"5aee0eff23b8a2227003e7aa","tblActif","Bilan Actif","5aee0eff23b8a2227003e7a3","tblBilanActif","Bilan Actif","5aee0efe23b8a2227003e788","ImmoIncorp","ImmoIncorp","5aee0efe23b8a2227003e6f3","AH","Autres immobilisations incorporelles","AH-Autres immobilisations incorporelles","5aee0efd23b8a2227003e637","217",1,false
"5aee0eff23b8a2227003e7aa","tblActif","Bilan Actif","5aee0eff23b8a2227003e7a3","tblBilanActif","Bilan Actif","5aee0efe23b8a2227003e788","ImmoIncorp","ImmoIncorp","5aee0efe23b8a2227003e6f3","AH","Autres immobilisations incorporelles","AH-Autres immobilisations incorporelles","5aee0efd23b8a2227003e638","218",1,false
"5aee0eff23b8a2227003e7aa","tblActif","Bilan Actif","5aee0eff23b8a2227003e7a3","tblBilanActif","Bilan Actif","5aee0efe23b8a2227003e788","ImmoIncorp","ImmoIncorp","5aee0efe23b8a2227003e6f3","AH","Autres immobilisations incorporelles","AH-Autres immobilisations incorporelles","5aee0efd23b8a2227003e639","2198",1,false
"5aee0eff23b8a2227003e7aa","tblActif","Bilan Actif","5aee0eff23b8a2227003e7a3","tblBilanActif","Bilan Actif","5aee0efe23b8a2227003e795","Stocks","Stocks","5aee0efe23b8a2227003e700","BC","Marchandises","BC-Marchandises","5aee0efd23b8a2227003e63a","31",1,false
"5aee0eff23b8a2227003e7aa","tblActif","Bilan Actif","5aee0eff23b8a2227003e7a3","tblBilanActif","Bilan Actif","5aee0efe23b8a2227003e795","Stocks","Stocks","5aee0efe23b8a2227003e700","BC","Marchandises","BC-Marchandises","5aee0efd23b8a2227003e63b","381",1,false
"5aee0eff23b8a2227003e7aa","tblActif","Bilan Actif","5aee0eff23b8a2227003e7a3","tblBilanActif","Bilan Actif","5aee0efe23b8a2227003e795","Stocks","Stocks","5aee0efe23b8a2227003e700","BC","Marchandises","BC-Marchandises","5aee0efd23b8a2227003e63c","387",1,false
"5aee0eff23b8a2227003e7aa","tblActif","Bilan Actif","5aee0eff23b8a2227003e7a3","tblBilanActif","Bilan Actif","5aee0efe23b8a2227003e795","Stocks","Stocks","5aee0efe23b8a2227003e703","BF","Produits fabriqués","BF-Produits fabriqués","5aee0efd23b8a2227003e63c","387",1,false
"5aee0eff23b8a2227003e7aa","tblActif","Bilan Actif","5aee0eff23b8a2227003e7a3","tblBilanActif","Bilan Actif","5aee0efe23b8a2227003e795","Stocks","Stocks","5aee0efe23b8a2227003e701","BD","Matières premières et autres approvisionnements","BD-Matières premières et autres approvisionnements","5aee0efd23b8a2227003e63d","32",1,false
"5aee0eff23b8a2227003e7aa","tblActif","Bilan Actif","5aee0eff23b8a2227003e7a3","tblBilanActif","Bilan Actif","5aee0efe23b8a2227003e795","Stocks","Stocks","5aee0efe23b8a2227003e701","BD","Matières premières et autres approvisionnements","BD-Matières premières et autres approvisionnements","5aee0efd23b8a2227003e63e","33",1,false
"5aee0eff23b8a2227003e7aa","tblActif","Bilan Actif","5aee0eff23b8a2227003e7a3","tblBilanActif","Bilan Actif","5aee0efe23b8a2227003e795","Stocks","Stocks","5aee0efe23b8a2227003e701","BD","Matières premières et autres approvisionnements","BD-Matières premières et autres approvisionnements","5aee0efd23b8a2227003e63f","382",1,false
"5aee0eff23b8a2227003e7aa","tblActif","Bilan Actif","5aee0eff23b8a2227003e7a3","tblBilanActif","Bilan Actif","5aee0efe23b8a2227003e795","Stocks","Stocks","5aee0efe23b8a2227003e701","BD","Matières premières et autres approvisionnements","BD-Matières premières et autres approvisionnements","5aee0efd23b8a2227003e640","383",1,false
"5aee0eff23b8a2227003e7aa","tblActif","Bilan Actif","5aee0eff23b8a2227003e7a3","tblBilanActif","Bilan Actif","5aee0efe23b8a2227003e795","Stocks","Stocks","5aee0efe23b8a2227003e701","BD","Matières premières et autres approvisionnements","BD-Matières premières et autres approvisionnements","5aee0efd23b8a2227003e641","388",1,false
"5aee0eff23b8a2227003e7aa","tblActif","Bilan Actif","5aee0eff23b8a2227003e7a3","tblBilanActif","Bilan Actif","5aee0efe23b8a2227003e795","Stocks","Stocks","5aee0efe23b8a2227003e702","BE","En-cours","BE-En-cours","5aee0efd23b8a2227003e642","34",1,false
"5aee0eff23b8a2227003e7aa","tblActif","Bilan Actif","5aee0eff23b8a2227003e7a3","tblBilanActif","Bilan Actif","5aee0efe23b8a2227003e795","Stocks","Stocks","5aee0efe23b8a2227003e702","BE","En-cours","BE-En-cours","5aee0efd23b8a2227003e643","35",1,false
"5aee0eff23b8a2227003e7aa","tblActif","Bilan Actif","5aee0eff23b8a2227003e7a3","tblBilanActif","Bilan Actif","5aee0efe23b8a2227003e795","Stocks","Stocks","5aee0efe23b8a2227003e703","BF","Produits fabriqués","BF-Produits fabriqués","5aee0efd23b8a2227003e644","36",1,false
"5aee0eff23b8a2227003e7aa","tblActif","Bilan Actif","5aee0eff23b8a2227003e7a3","tblBilanActif","Bilan Actif","5aee0efe23b8a2227003e795","Stocks","Stocks","5aee0efe23b8a2227003e703","BF","Produits fabriqués","BF-Produits fabriqués","5aee0efd23b8a2227003e645","37",1,false
"5aee0eff23b8a2227003e7aa","tblActif","Bilan Actif","5aee0eff23b8a2227003e7a3","tblBilanActif","Bilan Actif","5aee0efe23b8a2227003e795","Stocks","Stocks","5aee0efe23b8a2227003e703","BF","Produits fabriqués","BF-Produits fabriqués","5aee0efd23b8a2227003e646","386",1,false
"5aee0eff23b8a2227003e7aa","tblActif","Bilan Actif","5aee0eff23b8a2227003e7a3","tblBilanActif","Bilan Actif","5aee0efe23b8a2227003e7a0","TresorActif","TresorActif","5aee0efe23b8a2227003e707","BQ","Titres de placement","BQ-Titres de placement","5aee0efd23b8a2227003e647","50",1,false
"5aee0eff23b8a2227003e7aa","tblActif","Bilan Actif","5aee0eff23b8a2227003e7a3","tblBilanActif","Bilan Actif","5aee0efe23b8a2227003e7a0","TresorActif","TresorActif","5aee0efe23b8a2227003e708","BR","Valeurs à encaisser","BR-Valeurs à encaisser","5aee0efd23b8a2227003e648","51",1,false
"5aee0eff23b8a2227003e7aa","tblActif","Bilan Actif","5aee0eff23b8a2227003e7a3","tblBilanActif","Bilan Actif","5aee0efe23b8a2227003e7a0","TresorActif","TresorActif","5aee0efe23b8a2227003e709","BS","Banques","BS-Banques","5aee0efd23b8a2227003e649","52",1,false
"5aee0eff23b8a2227003e7ad","tblPassif","Bilan Passif","5aee0eff23b8a2227003e7a7","tblBilanPassif","Bilan Passif","5aee0efe23b8a2227003e7a1","TresorPassi","TresorPassi","5aee0efe23b8a2227003e709","BS","Banques","BS-Banques","5aee0efd23b8a2227003e649","52",1,false
"5aee0eff23b8a2227003e7aa","tblActif","Bilan Actif","5aee0eff23b8a2227003e7a3","tblBilanActif","Bilan Actif","5aee0efe23b8a2227003e7a0","TresorActif","TresorActif","5aee0efe23b8a2227003e722","DS","Banques, découverts","DS-Banques, découverts","5aee0efd23b8a2227003e649","52",1,false
"5aee0eff23b8a2227003e7ad","tblPassif","Bilan Passif","5aee0eff23b8a2227003e7a7","tblBilanPassif","Bilan Passif","5aee0efe23b8a2227003e7a1","TresorPassi","TresorPassi","5aee0efe23b8a2227003e722","DS","Banques, découverts","DS-Banques, découverts","5aee0efd23b8a2227003e649","52",1,false
"5aee0eff23b8a2227003e7aa","tblActif","Bilan Actif","5aee0eff23b8a2227003e7a3","tblBilanActif","Bilan Actif","5aee0efe23b8a2227003e7a0","TresorActif","TresorActif","5aee0efe23b8a2227003e709","BS","Banques","BS-Banques","5aee0efd23b8a2227003e64a","53",1,false
"5aee0eff23b8a2227003e7aa","tblActif","Bilan Actif","5aee0eff23b8a2227003e7a3","tblBilanActif","Bilan Actif","5aee0efe23b8a2227003e7a0","TresorActif","TresorActif","5aee0efe23b8a2227003e709","BS","Banques","BS-Banques","5aee0efd23b8a2227003e64b","54",1,false
"5aee0eff23b8a2227003e7aa","tblActif","Bilan Actif","5aee0eff23b8a2227003e7a3","tblBilanActif","Bilan Actif","5aee0efe23b8a2227003e7a0","TresorActif","TresorActif","5aee0efe23b8a2227003e709","BS","Banques","BS-Banques","5aee0efd23b8a2227003e64c","57",1,false
"5aee0eff23b8a2227003e7aa","tblActif","Bilan Actif","5aee0eff23b8a2227003e7a3","tblBilanActif","Bilan Actif","5aee0efe23b8a2227003e7a0","TresorActif","TresorActif","5aee0efe23b8a2227003e709","BS","Banques","BS-Banques","5aee0efd23b8a2227003e64d","581",1,false
"5aee0eff23b8a2227003e7aa","tblActif","Bilan Actif","5aee0eff23b8a2227003e7a3","tblBilanActif","Bilan Actif","5aee0efe23b8a2227003e7a0","TresorActif","TresorActif","5aee0efe23b8a2227003e709","BS","Banques","BS-Banques","5aee0efd23b8a2227003e64e","582",1,false
"5aee0eff23b8a2227003e7aa","tblActif","Bilan Actif","5aee0eff23b8a2227003e7a4","tblProvision","Provisions","5aee0efe23b8a2227003e792","Provis","Provis","5aee0efe23b8a2227003e6f0","AE","Frais de recherche et de développement","AE-Frais de recherche et de développement","5aee0efd23b8a2227003e64f","2919",1,false
"5aee0eff23b8a2227003e7aa","tblActif","Bilan Actif","5aee0eff23b8a2227003e7a4","tblProvision","Provisions","5aee0efe23b8a2227003e792","Provis","Provis","5aee0efe23b8a2227003e6f1","AF","Brevets","AF-Brevets","5aee0efd23b8a2227003e64f","2919",1,false
"5aee0eff23b8a2227003e7aa","tblActif","Bilan Actif","5aee0eff23b8a2227003e7a4","tblProvision","Provisions","5aee0efe23b8a2227003e792","Provis","Provis","5aee0efe23b8a2227003e6f3","AH","Autres immobilisations incorporelles","AH-Autres immobilisations incorporelles","5aee0efd23b8a2227003e64f","2919",1,false
"5aee0eff23b8a2227003e7aa","tblActif","Bilan Actif","5aee0eff23b8a2227003e7a4","tblProvision","Provisions","5aee0efe23b8a2227003e792","Provis","Provis","5aee0efe23b8a2227003e6f1","AF","Brevets","AF-Brevets","5aee0efd23b8a2227003e650","2912",1,false
"5aee0eff23b8a2227003e7aa","tblActif","Bilan Actif","5aee0eff23b8a2227003e7a4","tblProvision","Provisions","5aee0efe23b8a2227003e792","Provis","Provis","5aee0efe23b8a2227003e6f1","AF","Brevets","AF-Brevets","5aee0efd23b8a2227003e651","2913",1,false
"5aee0eff23b8a2227003e7aa","tblActif","Bilan Actif","5aee0eff23b8a2227003e7a4","tblProvision","Provisions","5aee0efe23b8a2227003e792","Provis","Provis","5aee0efe23b8a2227003e6f1","AF","Brevets","AF-Brevets","5aee0efd23b8a2227003e652","2914",1,false
"5aee0eff23b8a2227003e7aa","tblActif","Bilan Actif","5aee0eff23b8a2227003e7a4","tblProvision","Provisions","5aee0efe23b8a2227003e792","Provis","Provis","5aee0efe23b8a2227003e6f2","AG","Fonds commercial","AG-Fonds commercial","5aee0efd23b8a2227003e653","2915",1,false
"5aee0eff23b8a2227003e7aa","tblActif","Bilan Actif","5aee0eff23b8a2227003e7a4","tblProvision","Provisions","5aee0efe23b8a2227003e792","Provis","Provis","5aee0efe23b8a2227003e6f2","AG","Fonds commercial","AG-Fonds commercial","5aee0efd23b8a2227003e654","2916",1,false
"5aee0eff23b8a2227003e7aa","tblActif","Bilan Actif","5aee0eff23b8a2227003e7a4","tblProvision","Provisions","5aee0efe23b8a2227003e792","Provis","Provis","5aee0efe23b8a2227003e6f3","AH","Autres immobilisations incorporelles","AH-Autres immobilisations incorporelles","5aee0efd23b8a2227003e655","2917",1,false
"5aee0eff23b8a2227003e7aa","tblActif","Bilan Actif","5aee0eff23b8a2227003e7a4","tblProvision","Provisions","5aee0efe23b8a2227003e792","Provis","Provis","5aee0efe23b8a2227003e6f3","AH","Autres immobilisations incorporelles","AH-Autres immobilisations incorporelles","5aee0efd23b8a2227003e656","2918",1,false
"5aee0eff23b8a2227003e7aa","tblActif","Bilan Actif","5aee0eff23b8a2227003e7a4","tblProvision","Provisions","5aee0efe23b8a2227003e792","Provis","Provis","5aee0efe23b8a2227003e6f4","AJ","Terrains","AJ-Terrains","5aee0efd23b8a2227003e657","292",1,false
"5aee0eff23b8a2227003e7aa","tblActif","Bilan Actif","5aee0eff23b8a2227003e7a4","tblProvision","Provisions","5aee0efe23b8a2227003e792","Provis","Provis","5aee0efe23b8a2227003e6f5","AK","Bâtiments","AK-Bâtiments","5aee0efd23b8a2227003e658","2931",1,false
"5aee0eff23b8a2227003e7aa","tblActif","Bilan Actif","5aee0eff23b8a2227003e7a4","tblProvision","Provisions","5aee0efe23b8a2227003e792","Provis","Provis","5aee0efe23b8a2227003e6f5","AK","Bâtiments","AK-Bâtiments","5aee0efd23b8a2227003e659","2932",1,false
"5aee0eff23b8a2227003e7aa","tblActif","Bilan Actif","5aee0eff23b8a2227003e7a4","tblProvision","Provisions","5aee0efe23b8a2227003e792","Provis","Provis","5aee0efe23b8a2227003e6f5","AK","Bâtiments","AK-Bâtiments","5aee0efd23b8a2227003e65a","2933",1,false
"5aee0eff23b8a2227003e7aa","tblActif","Bilan Actif","5aee0eff23b8a2227003e7a4","tblProvision","Provisions","5aee0efe23b8a2227003e792","Provis","Provis","5aee0efe23b8a2227003e6f5","AK","Bâtiments","AK-Bâtiments","5aee0efd23b8a2227003e65b","2937",1,false
"5aee0eff23b8a2227003e7aa","tblActif","Bilan Actif","5aee0eff23b8a2227003e7a4","tblProvision","Provisions","5aee0efe23b8a2227003e792","Provis","Provis","5aee0efe23b8a2227003e6f5","AK","Bâtiments","AK-Bâtiments","5aee0efd23b8a2227003e65c","2939",1,false
"5aee0eff23b8a2227003e7aa","tblActif","Bilan Actif","5aee0eff23b8a2227003e7a4","tblProvision","Provisions","5aee0efe23b8a2227003e792","Provis","Provis","5aee0efe23b8a2227003e6f6","AL","Installations et agencements","AL-Installations et agencements","5aee0efd23b8a2227003e65c","2939",1,false
"5aee0eff23b8a2227003e7aa","tblActif","Bilan Actif","5aee0eff23b8a2227003e7a4","tblProvision","Provisions","5aee0efe23b8a2227003e792","Provis","Provis","5aee0efe23b8a2227003e6f7","AM","Matériel","AM-Matériel","5aee0efd23b8a2227003e65d","294",1,true
"5aee0eff23b8a2227003e7aa","tblActif","Bilan Actif","5aee0eff23b8a2227003e7a4","tblProvision","Provisions","5aee0efe23b8a2227003e792","Provis","Provis","5aee0efe23b8a2227003e6f7","AM","Matériel","AM-Matériel","5aee0efd23b8a2227003e65e","2949",1,false
"5aee0eff23b8a2227003e7aa","tblActif","Bilan Actif","5aee0eff23b8a2227003e7a4","tblProvision","Provisions","5aee0efe23b8a2227003e792","Provis","Provis","5aee0efe23b8a2227003e6f8","AN","Matériel de transport","AN-Matériel de transport","5aee0efd23b8a2227003e65e","2949",1,false
"5aee0eff23b8a2227003e7aa","tblActif","Bilan Actif","5aee0eff23b8a2227003e7a4","tblProvision","Provisions","5aee0efe23b8a2227003e792","Provis","Provis","5aee0efe23b8a2227003e6f8","AN","Matériel de transport","AN-Matériel de transport","5aee0efd23b8a2227003e65f","2945",1,false
"5aee0eff23b8a2227003e7aa","tblActif","Bilan Actif","5aee0eff23b8a2227003e7a4","tblProvision","Provisions","5aee0efe23b8a2227003e792","Provis","Provis","5aee0efe23b8a2227003e6f9","AP","Avances et acomptes versés sur immobilisations","AP-Avances et acomptes versés sur immobilisations","5aee0efd23b8a2227003e660","295",1,false
"5aee0eff23b8a2227003e7aa","tblActif","Bilan Actif","5aee0eff23b8a2227003e7a4","tblProvision","Provisions","5aee0efe23b8a2227003e792","Provis","Provis","5aee0efe23b8a2227003e6fa","AR","Titres de participation","AR-Titres de participation","5aee0efd23b8a2227003e661","296",1,false
"5aee0eff23b8a2227003e7aa","tblActif","Bilan Actif","5aee0eff23b8a2227003e7a4","tblProvision","Provisions","5aee0efe23b8a2227003e792","Provis","Provis","5aee0efe23b8a2227003e6fb","AS","Autres immobilisations financières","AS-Autres immobilisations financières","5aee0efd23b8a2227003e662","297",1,false
"5aee0eff23b8a2227003e7aa","tblActif","Bilan Actif","5aee0eff23b8a2227003e7a4","tblProvision","Provisions","5aee0efe23b8a2227003e792","Provis","Provis","5aee0efe23b8a2227003e6ff","BA","Actif circulant h.a.o.","BA-Actif circulant h.a.o.","5aee0efd23b8a2227003e663","498",1,false
"5aee0eff23b8a2227003e7aa","tblActif","Bilan Actif","5aee0eff23b8a2227003e7a4","tblProvision","Provisions","5aee0efe23b8a2227003e792","Provis","Provis","5aee0efe23b8a2227003e700","BC","Marchandises","BC-Marchandises","5aee0efd23b8a2227003e664","391",1,false
"5aee0eff23b8a2227003e7aa","tblActif","Bilan Actif","5aee0eff23b8a2227003e7a4","tblProvision","Provisions","5aee0efe23b8a2227003e792","Provis","Provis","5aee0efe23b8a2227003e700","BC","Marchandises","BC-Marchandises","5aee0efd23b8a2227003e665","3981",1,false
"5aee0eff23b8a2227003e7aa","tblActif","Bilan Actif","5aee0eff23b8a2227003e7a4","tblProvision","Provisions","5aee0efe23b8a2227003e792","Provis","Provis","5aee0efe23b8a2227003e701","BD","Matières premières et autres approvisionnements","BD-Matières premières et autres approvisionnements","5aee0efd23b8a2227003e666","392",1,false
"5aee0eff23b8a2227003e7aa","tblActif","Bilan Actif","5aee0eff23b8a2227003e7a4","tblProvision","Provisions","5aee0efe23b8a2227003e792","Provis","Provis","5aee0efe23b8a2227003e701","BD","Matières premières et autres approvisionnements","BD-Matières premières et autres approvisionnements","5aee0efd23b8a2227003e667","393",1,false
"5aee0eff23b8a2227003e7aa","tblActif","Bilan Actif","5aee0eff23b8a2227003e7a4","tblProvision","Provisions","5aee0efe23b8a2227003e792","Provis","Provis","5aee0efe23b8a2227003e701","BD","Matières premières et autres approvisionnements","BD-Matières premières et autres approvisionnements","5aee0efd23b8a2227003e668","398",1,false
"5aee0eff23b8a2227003e7aa","tblActif","Bilan Actif","5aee0eff23b8a2227003e7a4","tblProvision","Provisions","5aee0efe23b8a2227003e792","Provis","Provis","5aee0efe23b8a2227003e703","BF","Produits fabriqués","BF-Produits fabriqués","5aee0efd23b8a2227003e668","398",1,false
"5aee0eff23b8a2227003e7aa","tblActif","Bilan Actif","5aee0eff23b8a2227003e7a4","tblProvision","Provisions","5aee0efe23b8a2227003e792","Provis","Provis","5aee0efe23b8a2227003e702","BE","En-cours","BE-En-cours","5aee0efd23b8a2227003e669","394",1,false
"5aee0eff23b8a2227003e7aa","tblActif","Bilan Actif","5aee0eff23b8a2227003e7a4","tblProvision","Provisions","5aee0efe23b8a2227003e792","Provis","Provis","5aee0efe23b8a2227003e702","BE","En-cours","BE-En-cours","5aee0efd23b8a2227003e66a","395",1,false
"5aee0eff23b8a2227003e7aa","tblActif","Bilan Actif","5aee0eff23b8a2227003e7a4","tblProvision","Provisions","5aee0efe23b8a2227003e792","Provis","Provis","5aee0efe23b8a2227003e703","BF","Produits fabriqués","BF-Produits fabriqués","5aee0efd23b8a2227003e66b","396",1,false
"5aee0eff23b8a2227003e7aa","tblActif","Bilan Actif","5aee0eff23b8a2227003e7a4","tblProvision","Provisions","5aee0efe23b8a2227003e792","Provis","Provis","5aee0efe23b8a2227003e703","BF","Produits fabriqués","BF-Produits fabriqués","5aee0efd23b8a2227003e66c","397",1,false
"5aee0eff23b8a2227003e7aa","tblActif","Bilan Actif","5aee0eff23b8a2227003e7a4","tblProvision","Provisions","5aee0efe23b8a2227003e792","Provis","Provis","5aee0efe23b8a2227003e704","BH","Fournisseurs avances versées","BH-Fournisseurs avances versées","5aee0efd23b8a2227003e66d","490",1,false
"5aee0eff23b8a2227003e7aa","tblActif","Bilan Actif","5aee0eff23b8a2227003e7a4","tblProvision","Provisions","5aee0efe23b8a2227003e792","Provis","Provis","5aee0efe23b8a2227003e705","BI","Clients","BI-Clients","5aee0efd23b8a2227003e66e","491",1,false
"5aee0eff23b8a2227003e7aa","tblActif","Bilan Actif","5aee0eff23b8a2227003e7a4","tblProvision","Provisions","5aee0efe23b8a2227003e792","Provis","Provis","5aee0efe23b8a2227003e706","BJ","Autres créances","BJ-Autres créances","5aee0efd23b8a2227003e66f","492",1,false
"5aee0eff23b8a2227003e7aa","tblActif","Bilan Actif","5aee0eff23b8a2227003e7a4","tblProvision","Provisions","5aee0efe23b8a2227003e792","Provis","Provis","5aee0efe23b8a2227003e706","BJ","Autres créances","BJ-Autres créances","5aee0efd23b8a2227003e670","493",1,false
"5aee0eff23b8a2227003e7aa","tblActif","Bilan Actif","5aee0eff23b8a2227003e7a4","tblProvision","Provisions","5aee0efe23b8a2227003e792","Provis","Provis","5aee0efe23b8a2227003e706","BJ","Autres créances","BJ-Autres créances","5aee0efd23b8a2227003e671","495",1,false
"5aee0eff23b8a2227003e7aa","tblActif","Bilan Actif","5aee0eff23b8a2227003e7a4","tblProvision","Provisions","5aee0efe23b8a2227003e792","Provis","Provis","5aee0efe23b8a2227003e706","BJ","Autres créances","BJ-Autres créances","5aee0efd23b8a2227003e672","496",1,false
"5aee0eff23b8a2227003e7aa","tblActif","Bilan Actif","5aee0eff23b8a2227003e7a4","tblProvision","Provisions","5aee0efe23b8a2227003e792","Provis","Provis","5aee0efe23b8a2227003e706","BJ","Autres créances","BJ-Autres créances","5aee0efd23b8a2227003e673","497",1,false
"5aee0eff23b8a2227003e7aa","tblActif","Bilan Actif","5aee0eff23b8a2227003e7a4","tblProvision","Provisions","5aee0efe23b8a2227003e792","Provis","Provis","5aee0efe23b8a2227003e707","BQ","Titres de placement","BQ-Titres de placement","5aee0efd23b8a2227003e674","590",1,false
"5aee0eff23b8a2227003e7aa","tblActif","Bilan Actif","5aee0eff23b8a2227003e7a4","tblProvision","Provisions","5aee0efe23b8a2227003e792","Provis","Provis","5aee0efe23b8a2227003e708","BR","Valeurs à encaisser","BR-Valeurs à encaisser","5aee0efd23b8a2227003e675","591",1,false
"5aee0eff23b8a2227003e7aa","tblActif","Bilan Actif","5aee0eff23b8a2227003e7a4","tblProvision","Provisions","5aee0efe23b8a2227003e792","Provis","Provis","5aee0efe23b8a2227003e709","BS","Banques","BS-Banques","5aee0efd23b8a2227003e676","592",1,false
"5aee0eff23b8a2227003e7aa","tblActif","Bilan Actif","5aee0eff23b8a2227003e7a4","tblProvision","Provisions","5aee0efe23b8a2227003e792","Provis","Provis","5aee0efe23b8a2227003e709","BS","Banques","BS-Banques","5aee0efd23b8a2227003e677","593",1,false
"5aee0eff23b8a2227003e7aa","tblActif","Bilan Actif","5aee0eff23b8a2227003e7a4","tblProvision","Provisions","5aee0efe23b8a2227003e792","Provis","Provis","5aee0efe23b8a2227003e709","BS","Banques","BS-Banques","5aee0efd23b8a2227003e678","594",1,false
"5aee0eff23b8a2227003e7ab","tblCharges","Résultat Charges","5aee0eff23b8a2227003e7a5","tblResultChrges","Résultat Charges","5aee0efe23b8a2227003e77b","ChrgeFinanc","ChrgeFinanc","5aee0efe23b8a2227003e730","SA","Frais financiers","SA-Frais financiers","5aee0efd23b8a2227003e679","67",1,true
"5aee0eff23b8a2227003e7ab","tblCharges","Résultat Charges","5aee0eff23b8a2227003e7a5","tblResultChrges","Résultat Charges","5aee0efe23b8a2227003e77b","ChrgeFinanc","ChrgeFinanc","5aee0efe23b8a2227003e731","SC","Pertes de change","SC-Pertes de change","5aee0efd23b8a2227003e67a","676",1,false
"5aee0eff23b8a2227003e7ab","tblCharges","Résultat Charges","5aee0eff23b8a2227003e7a5","tblResultChrges","Résultat Charges","5aee0efe23b8a2227003e77b","ChrgeFinanc","ChrgeFinanc","5aee0efe23b8a2227003e732","SD","Dotations aux amortissements et aux provisions","SD-Dotations aux amortissements et aux provisions","5aee0efd23b8a2227003e67b","687",1,false
"5aee0eff23b8a2227003e7ab","tblCharges","Résultat Charges","5aee0eff23b8a2227003e7a5","tblResultChrges","Résultat Charges","5aee0efe23b8a2227003e77b","ChrgeFinanc","ChrgeFinanc","5aee0efe23b8a2227003e732","SD","Dotations aux amortissements et aux provisions","SD-Dotations aux amortissements et aux provisions","5aee0efd23b8a2227003e67c","697",1,false
"5aee0eff23b8a2227003e7ab","tblCharges","Résultat Charges","5aee0eff23b8a2227003e7a5","tblResultChrges","Résultat Charges","5aee0efe23b8a2227003e77c","ChrgePerso","ChrgePerso","5aee0efe23b8a2227003e72e","RP","Charges de personnel (1)","RP-Charges de personnel (1)","5aee0efd23b8a2227003e67d","66",1,false
"5aee0eff23b8a2227003e7ab","tblCharges","Résultat Charges","5aee0eff23b8a2227003e7a5","tblResultChrges","Résultat Charges","5aee0efe23b8a2227003e77d","ChrgesHAO","ChrgesHAO","5aee0efe23b8a2227003e733","SK","Valeurs comptables des cessions d'immobilisations","SK-Valeurs comptables des cessions d'immobilisations","5aee0efd23b8a2227003e67e","81",1,false
"5aee0eff23b8a2227003e7ab","tblCharges","Résultat Charges","5aee0eff23b8a2227003e7a5","tblResultChrges","Résultat Charges","5aee0efe23b8a2227003e77d","ChrgesHAO","ChrgesHAO","5aee0efe23b8a2227003e734","SL","Charges hao","SL-Charges hao","5aee0efd23b8a2227003e67f","83",1,false
"5aee0eff23b8a2227003e7ab","tblCharges","Résultat Charges","5aee0eff23b8a2227003e7a5","tblResultChrges","Résultat Charges","5aee0efe23b8a2227003e77d","ChrgesHAO","ChrgesHAO","5aee0efe23b8a2227003e735","SM","Dotations hao","SM-Dotations hao","5aee0efd23b8a2227003e680","85",1,false
"5aee0eff23b8a2227003e7ab","tblCharges","Résultat Charges","5aee0eff23b8a2227003e7a5","tblResultChrges","Résultat Charges","5aee0efe23b8a2227003e77e","ChrgesMBrutMarch","ChrgesMBrutMarch","5aee0efe23b8a2227003e724","RA","Achat de marchandises ","RA-Achat de marchandises ","5aee0efd23b8a2227003e681","601",1,false
"5aee0eff23b8a2227003e7ab","tblCharges","Résultat Charges","5aee0eff23b8a2227003e7a5","tblResultChrges","Résultat Charges","5aee0efe23b8a2227003e77e","ChrgesMBrutMarch","ChrgesMBrutMarch","5aee0efe23b8a2227003e725","RB","Variation de stocks","RB-Variation de stocks","5aee0efd23b8a2227003e682","6031",1,false
"5aee0eff23b8a2227003e7ab","tblCharges","Résultat Charges","5aee0eff23b8a2227003e7a5","tblResultChrges","Résultat Charges","5aee0efe23b8a2227003e77f","ChrgesMBrutMatier","ChrgesMBrutMatier","5aee0efe23b8a2227003e726","RC","Achat de matières premières et fournitures liées","RC-Achat de matières premières et fournitures liées","5aee0efd23b8a2227003e683","602",1,false
"5aee0eff23b8a2227003e7ab","tblCharges","Résultat Charges","5aee0eff23b8a2227003e7a5","tblResultChrges","Résultat Charges","5aee0efe23b8a2227003e77f","ChrgesMBrutMatier","ChrgesMBrutMatier","5aee0efe23b8a2227003e727","RD","Variation de stocks","RD-Variation de stocks","5aee0efd23b8a2227003e684","6032",1,false
"5aee0eff23b8a2227003e7ab","tblCharges","Résultat Charges","5aee0eff23b8a2227003e7a5","tblResultChrges","Résultat Charges","5aee0efe23b8a2227003e780","ChrgesValAjout","ChrgesValAjout","5aee0efe23b8a2227003e728","RE","Autres achats","RE-Autres achats","5aee0efd23b8a2227003e685","604",1,false
"5aee0eff23b8a2227003e7ab","tblCharges","Résultat Charges","5aee0eff23b8a2227003e7a5","tblResultChrges","Résultat Charges","5aee0efe23b8a2227003e780","ChrgesValAjout","ChrgesValAjout","5aee0efe23b8a2227003e728","RE","Autres achats","RE-Autres achats","5aee0efd23b8a2227003e686","605",1,false
"5aee0eff23b8a2227003e7ab","tblCharges","Résultat Charges","5aee0eff23b8a2227003e7a5","tblResultChrges","Résultat Charges","5aee0efe23b8a2227003e780","ChrgesValAjout","ChrgesValAjout","5aee0efe23b8a2227003e728","RE","Autres achats","RE-Autres achats","5aee0efd23b8a2227003e687","608",1,false
"5aee0eff23b8a2227003e7ab","tblCharges","Résultat Charges","5aee0eff23b8a2227003e7a5","tblResultChrges","Résultat Charges","5aee0efe23b8a2227003e780","ChrgesValAjout","ChrgesValAjout","5aee0efe23b8a2227003e729","RH","Variation de stocks","RH-Variation de stocks","5aee0efd23b8a2227003e688","6033",1,false
"5aee0eff23b8a2227003e7ab","tblCharges","Résultat Charges","5aee0eff23b8a2227003e7a5","tblResultChrges","Résultat Charges","5aee0efe23b8a2227003e780","ChrgesValAjout","ChrgesValAjout","5aee0efe23b8a2227003e72a","RI","Transports","RI-Transports","5aee0efd23b8a2227003e689","61",1,false
"5aee0eff23b8a2227003e7ab","tblCharges","Résultat Charges","5aee0eff23b8a2227003e7a5","tblResultChrges","Résultat Charges","5aee0efe23b8a2227003e780","ChrgesValAjout","ChrgesValAjout","5aee0efe23b8a2227003e72b","RJ","Services extérieurs","RJ-Services extérieurs","5aee0efd23b8a2227003e68a","62",1,false
"5aee0eff23b8a2227003e7ab","tblCharges","Résultat Charges","5aee0eff23b8a2227003e7a5","tblResultChrges","Résultat Charges","5aee0efe23b8a2227003e780","ChrgesValAjout","ChrgesValAjout","5aee0efe23b8a2227003e72b","RJ","Services extérieurs","RJ-Services extérieurs","5aee0efd23b8a2227003e68b","63",1,false
"5aee0eff23b8a2227003e7ab","tblCharges","Résultat Charges","5aee0eff23b8a2227003e7a5","tblResultChrges","Résultat Charges","5aee0efe23b8a2227003e780","ChrgesValAjout","ChrgesValAjout","5aee0efe23b8a2227003e72c","RK","Impôts et taxes","RK-Impôts et taxes","5aee0efd23b8a2227003e68c","64",1,false
"5aee0eff23b8a2227003e7ab","tblCharges","Résultat Charges","5aee0eff23b8a2227003e7a5","tblResultChrges","Résultat Charges","5aee0efe23b8a2227003e780","ChrgesValAjout","ChrgesValAjout","5aee0efe23b8a2227003e72d","RL","Autres charges","RL-Autres charges","5aee0efd23b8a2227003e68d","65",1,false
"5aee0eff23b8a2227003e7ab","tblCharges","Résultat Charges","5aee0eff23b8a2227003e7a5","tblResultChrges","Résultat Charges","5aee0efe23b8a2227003e783","DotatAmortProv","DotatAmortProv","5aee0efe23b8a2227003e72f","RS","Dotations aux amortissements et aux provisions","RS-Dotations aux amortissements et aux provisions","5aee0efd23b8a2227003e68e","681",1,false
"5aee0eff23b8a2227003e7ab","tblCharges","Résultat Charges","5aee0eff23b8a2227003e7a5","tblResultChrges","Résultat Charges","5aee0efe23b8a2227003e783","DotatAmortProv","DotatAmortProv","5aee0efe23b8a2227003e72f","RS","Dotations aux amortissements et aux provisions","RS-Dotations aux amortissements et aux provisions","5aee0efd23b8a2227003e68f","691",1,false
"5aee0eff23b8a2227003e7ab","tblCharges","Résultat Charges","5aee0eff23b8a2227003e7a5","tblResultChrges","Résultat Charges","5aee0efe23b8a2227003e789","ParticImpot","ParticImpot","5aee0efe23b8a2227003e736","SQ","Participation des travailleurs","SQ-Participation des travailleurs","5aee0efd23b8a2227003e690","87",1,false
"5aee0eff23b8a2227003e7ab","tblCharges","Résultat Charges","5aee0eff23b8a2227003e7a5","tblResultChrges","Résultat Charges","5aee0efe23b8a2227003e789","ParticImpot","ParticImpot","5aee0efe23b8a2227003e737","SR","Impôts sur le résultat","SR-Impôts sur le résultat","5aee0efd23b8a2227003e691","89",1,false
"5aee0eff23b8a2227003e7ac","tblChifAffair","Chiffre d'Affair","5aee0eff23b8a2227003e7a6","tblChifAffair","Chiffre d'Affair","5aee0efe23b8a2227003e78c","ProdMBrutMarch","ProdMBrutMarch","5aee0efe23b8a2227003e738","TA","Ventes de marchandises","TA-Ventes de marchandises","5aee0efd23b8a2227003e692","701",1,false
"5aee0eff23b8a2227003e7ae","tblProduidts","Résultat Produits","5aee0eff23b8a2227003e7a8","tblResultPrdts","Résultat Produits","5aee0efe23b8a2227003e78c","ProdMBrutMarch","ProdMBrutMarch","5aee0efe23b8a2227003e738","TA","Ventes de marchandises","TA-Ventes de marchandises","5aee0efd23b8a2227003e692","701",1,false
"5aee0eff23b8a2227003e7ac","tblChifAffair","Chiffre d'Affair","5aee0eff23b8a2227003e7a6","tblChifAffair","Chiffre d'Affair","5aee0efe23b8a2227003e78d","ProdMBrutMatier","ProdMBrutMatier","5aee0efe23b8a2227003e739","TC","Ventes de produits fabriqués","TC-Ventes de produits fabriqués","5aee0efd23b8a2227003e693","702",1,false
"5aee0eff23b8a2227003e7ae","tblProduidts","Résultat Produits","5aee0eff23b8a2227003e7a8","tblResultPrdts","Résultat Produits","5aee0efe23b8a2227003e78d","ProdMBrutMatier","ProdMBrutMatier","5aee0efe23b8a2227003e739","TC","Ventes de produits fabriqués","TC-Ventes de produits fabriqués","5aee0efd23b8a2227003e693","702",1,false
"5aee0eff23b8a2227003e7ac","tblChifAffair","Chiffre d'Affair","5aee0eff23b8a2227003e7a6","tblChifAffair","Chiffre d'Affair","5aee0efe23b8a2227003e78d","ProdMBrutMatier","ProdMBrutMatier","5aee0efe23b8a2227003e739","TC","Ventes de produits fabriqués","TC-Ventes de produits fabriqués","5aee0efd23b8a2227003e694","703",1,false
"5aee0eff23b8a2227003e7ae","tblProduidts","Résultat Produits","5aee0eff23b8a2227003e7a8","tblResultPrdts","Résultat Produits","5aee0efe23b8a2227003e78d","ProdMBrutMatier","ProdMBrutMatier","5aee0efe23b8a2227003e739","TC","Ventes de produits fabriqués","TC-Ventes de produits fabriqués","5aee0efd23b8a2227003e694","703",1,false
"5aee0eff23b8a2227003e7ac","tblChifAffair","Chiffre d'Affair","5aee0eff23b8a2227003e7a6","tblChifAffair","Chiffre d'Affair","5aee0efe23b8a2227003e78d","ProdMBrutMatier","ProdMBrutMatier","5aee0efe23b8a2227003e739","TC","Ventes de produits fabriqués","TC-Ventes de produits fabriqués","5aee0efd23b8a2227003e695","704",1,false
"5aee0eff23b8a2227003e7ae","tblProduidts","Résultat Produits","5aee0eff23b8a2227003e7a8","tblResultPrdts","Résultat Produits","5aee0efe23b8a2227003e78d","ProdMBrutMatier","ProdMBrutMatier","5aee0efe23b8a2227003e739","TC","Ventes de produits fabriqués","TC-Ventes de produits fabriqués","5aee0efd23b8a2227003e695","704",1,false
"5aee0eff23b8a2227003e7ac","tblChifAffair","Chiffre d'Affair","5aee0eff23b8a2227003e7a6","tblChifAffair","Chiffre d'Affair","5aee0efe23b8a2227003e78d","ProdMBrutMatier","ProdMBrutMatier","5aee0efe23b8a2227003e73a","TD","Travaux, services vendus","TD-Travaux, services vendus","5aee0efd23b8a2227003e696","705",1,false
"5aee0eff23b8a2227003e7ae","tblProduidts","Résultat Produits","5aee0eff23b8a2227003e7a8","tblResultPrdts","Résultat Produits","5aee0efe23b8a2227003e78d","ProdMBrutMatier","ProdMBrutMatier","5aee0efe23b8a2227003e73a","TD","Travaux, services vendus","TD-Travaux, services vendus","5aee0efd23b8a2227003e696","705",1,false
"5aee0eff23b8a2227003e7ac","tblChifAffair","Chiffre d'Affair","5aee0eff23b8a2227003e7a6","tblChifAffair","Chiffre d'Affair","5aee0efe23b8a2227003e78d","ProdMBrutMatier","ProdMBrutMatier","5aee0efe23b8a2227003e73a","TD","Travaux, services vendus","TD-Travaux, services vendus","5aee0efd23b8a2227003e697","706",1,false
"5aee0eff23b8a2227003e7ae","tblProduidts","Résultat Produits","5aee0eff23b8a2227003e7a8","tblResultPrdts","Résultat Produits","5aee0efe23b8a2227003e78d","ProdMBrutMatier","ProdMBrutMatier","5aee0efe23b8a2227003e73a","TD","Travaux, services vendus","TD-Travaux, services vendus","5aee0efd23b8a2227003e697","706",1,false
"5aee0eff23b8a2227003e7ac","tblChifAffair","Chiffre d'Affair","5aee0eff23b8a2227003e7a6","tblChifAffair","Chiffre d'Affair","5aee0efe23b8a2227003e790","ProdValAjout","ProdValAjout","5aee0efe23b8a2227003e73d","TH","Produits accessoires","TH-Produits accessoires","5aee0efd23b8a2227003e698","707",1,false
"5aee0eff23b8a2227003e7ae","tblProduidts","Résultat Produits","5aee0eff23b8a2227003e7a8","tblResultPrdts","Résultat Produits","5aee0efe23b8a2227003e790","ProdValAjout","ProdValAjout","5aee0efe23b8a2227003e73d","TH","Produits accessoires","TH-Produits accessoires","5aee0efd23b8a2227003e698","707",1,false
"5aee0eff23b8a2227003e7ad","tblPassif","Bilan Passif","5aee0eff23b8a2227003e7a7","tblBilanPassif","Bilan Passif","5aee0efe23b8a2227003e777","AutrCapiPro","AutrCapiPro","5aee0efe23b8a2227003e713","CL","Subventions d'investissement","CL-Subventions d'investissement","5aee0efd23b8a2227003e699","14",1,false
"5aee0eff23b8a2227003e7ad","tblPassif","Bilan Passif","5aee0eff23b8a2227003e7a7","tblBilanPassif","Bilan Passif","5aee0efe23b8a2227003e777","AutrCapiPro","AutrCapiPro","5aee0efe23b8a2227003e714","CM","Provisions réglementées et fonds assimilés","CM-Provisions réglementées et fonds assimilés","5aee0efd23b8a2227003e69a","15",1,false
"5aee0eff23b8a2227003e7ad","tblPassif","Bilan Passif","5aee0eff23b8a2227003e7a7","tblBilanPassif","Bilan Passif","5aee0efe23b8a2227003e779","Capital","Capital","5aee0efe23b8a2227003e70b","CA","Capital","CA-Capital","5aee0efd23b8a2227003e69b","101",1,false
"5aee0eff23b8a2227003e7ad","tblPassif","Bilan Passif","5aee0eff23b8a2227003e7a7","tblBilanPassif","Bilan Passif","5aee0efe23b8a2227003e779","Capital","Capital","5aee0efe23b8a2227003e70b","CA","Capital","CA-Capital","5aee0efd23b8a2227003e69c","102",1,false
"5aee0eff23b8a2227003e7ad","tblPassif","Bilan Passif","5aee0eff23b8a2227003e7a7","tblBilanPassif","Bilan Passif","5aee0efe23b8a2227003e779","Capital","Capital","5aee0efe23b8a2227003e70b","CA","Capital","CA-Capital","5aee0efd23b8a2227003e69d","103",1,false
"5aee0eff23b8a2227003e7ad","tblPassif","Bilan Passif","5aee0eff23b8a2227003e7a7","tblBilanPassif","Bilan Passif","5aee0efe23b8a2227003e779","Capital","Capital","5aee0efe23b8a2227003e70b","CA","Capital","CA-Capital","5aee0efd23b8a2227003e69e","104",1,false
"5aee0eff23b8a2227003e7ad","tblPassif","Bilan Passif","5aee0eff23b8a2227003e7a7","tblBilanPassif","Bilan Passif","5aee0efe23b8a2227003e779","Capital","Capital","5aee0efe23b8a2227003e70c","CB","Actionnaires, capital non appelé","CB-Actionnaires, capital non appelé","5aee0efd23b8a2227003e69f","109",1,false
"5aee0eff23b8a2227003e7ad","tblPassif","Bilan Passif","5aee0eff23b8a2227003e7a7","tblBilanPassif","Bilan Passif","5aee0efe23b8a2227003e782","DetteFin","DetteFin","5aee0efe23b8a2227003e715","DA","Emprunts","DA-Emprunts","5aee0efd23b8a2227003e6a0","161",1,false
"5aee0eff23b8a2227003e7ad","tblPassif","Bilan Passif","5aee0eff23b8a2227003e7a7","tblBilanPassif","Bilan Passif","5aee0efe23b8a2227003e782","DetteFin","DetteFin","5aee0efe23b8a2227003e715","DA","Emprunts","DA-Emprunts","5aee0efd23b8a2227003e6a1","162",1,false
"5aee0eff23b8a2227003e7ad","tblPassif","Bilan Passif","5aee0eff23b8a2227003e7a7","tblBilanPassif","Bilan Passif","5aee0efe23b8a2227003e782","DetteFin","DetteFin","5aee0efe23b8a2227003e715","DA","Emprunts","DA-Emprunts","5aee0efd23b8a2227003e6a2","1661",1,false
"5aee0eff23b8a2227003e7ad","tblPassif","Bilan Passif","5aee0eff23b8a2227003e7a7","tblBilanPassif","Bilan Passif","5aee0efe23b8a2227003e782","DetteFin","DetteFin","5aee0efe23b8a2227003e715","DA","Emprunts","DA-Emprunts","5aee0efd23b8a2227003e6a3","1662",1,false
"5aee0eff23b8a2227003e7ad","tblPassif","Bilan Passif","5aee0eff23b8a2227003e7a7","tblBilanPassif","Bilan Passif","5aee0efe23b8a2227003e782","DetteFin","DetteFin","5aee0efe23b8a2227003e716","DB","Dettes de crédit-bail et contrats assimilés","DB-Dettes de crédit-bail et contrats assimilés","5aee0efd23b8a2227003e6a4","17",1,false
"5aee0eff23b8a2227003e7ad","tblPassif","Bilan Passif","5aee0eff23b8a2227003e7a7","tblBilanPassif","Bilan Passif","5aee0efe23b8a2227003e782","DetteFin","DetteFin","5aee0efe23b8a2227003e717","DC","Dettes financières diverses","DC-Dettes financières diverses","5aee0efd23b8a2227003e6a5","163",1,false
"5aee0eff23b8a2227003e7ad","tblPassif","Bilan Passif","5aee0eff23b8a2227003e7a7","tblBilanPassif","Bilan Passif","5aee0efe23b8a2227003e782","DetteFin","DetteFin","5aee0efe23b8a2227003e717","DC","Dettes financières diverses","DC-Dettes financières diverses","5aee0efd23b8a2227003e6a6","164",1,false
"5aee0eff23b8a2227003e7ad","tblPassif","Bilan Passif","5aee0eff23b8a2227003e7a7","tblBilanPassif","Bilan Passif","5aee0efe23b8a2227003e782","DetteFin","DetteFin","5aee0efe23b8a2227003e717","DC","Dettes financières diverses","DC-Dettes financières diverses","5aee0efd23b8a2227003e6a7","165",1,false
"5aee0eff23b8a2227003e7ad","tblPassif","Bilan Passif","5aee0eff23b8a2227003e7a7","tblBilanPassif","Bilan Passif","5aee0efe23b8a2227003e782","DetteFin","DetteFin","5aee0efe23b8a2227003e717","DC","Dettes financières diverses","DC-Dettes financières diverses","5aee0efd23b8a2227003e6a8","166",1,true
"5aee0eff23b8a2227003e7ad","tblPassif","Bilan Passif","5aee0eff23b8a2227003e7a7","tblBilanPassif","Bilan Passif","5aee0efe23b8a2227003e782","DetteFin","DetteFin","5aee0efe23b8a2227003e717","DC","Dettes financières diverses","DC-Dettes financières diverses","5aee0efd23b8a2227003e6a9","167",1,false
"5aee0eff23b8a2227003e7ad","tblPassif","Bilan Passif","5aee0eff23b8a2227003e7a7","tblBilanPassif","Bilan Passif","5aee0efe23b8a2227003e782","DetteFin","DetteFin","5aee0efe23b8a2227003e717","DC","Dettes financières diverses","DC-Dettes financières diverses","5aee0efd23b8a2227003e6aa","168",1,false
"5aee0eff23b8a2227003e7ad","tblPassif","Bilan Passif","5aee0eff23b8a2227003e7a7","tblBilanPassif","Bilan Passif","5aee0efe23b8a2227003e782","DetteFin","DetteFin","5aee0efe23b8a2227003e717","DC","Dettes financières diverses","DC-Dettes financières diverses","5aee0efd23b8a2227003e6ab","181",1,false
"5aee0eff23b8a2227003e7ad","tblPassif","Bilan Passif","5aee0eff23b8a2227003e7a7","tblBilanPassif","Bilan Passif","5aee0efe23b8a2227003e782","DetteFin","DetteFin","5aee0efe23b8a2227003e717","DC","Dettes financières diverses","DC-Dettes financières diverses","5aee0efd23b8a2227003e6ac","182",1,false
"5aee0eff23b8a2227003e7ad","tblPassif","Bilan Passif","5aee0eff23b8a2227003e7a7","tblBilanPassif","Bilan Passif","5aee0efe23b8a2227003e782","DetteFin","DetteFin","5aee0efe23b8a2227003e717","DC","Dettes financières diverses","DC-Dettes financières diverses","5aee0efd23b8a2227003e6ad","183",1,false
"5aee0eff23b8a2227003e7ad","tblPassif","Bilan Passif","5aee0eff23b8a2227003e7a7","tblBilanPassif","Bilan Passif","5aee0efe23b8a2227003e782","DetteFin","DetteFin","5aee0efe23b8a2227003e717","DC","Dettes financières diverses","DC-Dettes financières diverses","5aee0efd23b8a2227003e6ae","184",1,false
"5aee0eff23b8a2227003e7ad","tblPassif","Bilan Passif","5aee0eff23b8a2227003e7a7","tblBilanPassif","Bilan Passif","5aee0efe23b8a2227003e785","EcartConvPassif","EcartConvPassif","5aee0efe23b8a2227003e723","DV","Écarts de conversion - passif","DV-Écarts de conversion - passif","5aee0efd23b8a2227003e6af","479",1,false
"5aee0eff23b8a2227003e7ad","tblPassif","Bilan Passif","5aee0eff23b8a2227003e7a7","tblBilanPassif","Bilan Passif","5aee0efe23b8a2227003e78a","PassiCircul","PassiCircul","5aee0efe23b8a2227003e719","DH","Dettes circulantes h.a.o et ressources assimilées","DH-Dettes circulantes h.a.o et ressources assimilées","5aee0efd23b8a2227003e6b0","481",1,false
"5aee0eff23b8a2227003e7ad","tblPassif","Bilan Passif","5aee0eff23b8a2227003e7a7","tblBilanPassif","Bilan Passif","5aee0efe23b8a2227003e78a","PassiCircul","PassiCircul","5aee0efe23b8a2227003e719","DH","Dettes circulantes h.a.o et ressources assimilées","DH-Dettes circulantes h.a.o et ressources assimilées","5aee0efd23b8a2227003e6b1","482",1,false
"5aee0eff23b8a2227003e7ad","tblPassif","Bilan Passif","5aee0eff23b8a2227003e7a7","tblBilanPassif","Bilan Passif","5aee0efe23b8a2227003e78a","PassiCircul","PassiCircul","5aee0efe23b8a2227003e719","DH","Dettes circulantes h.a.o et ressources assimilées","DH-Dettes circulantes h.a.o et ressources assimilées","5aee0efd23b8a2227003e6b2","483",1,false
"5aee0eff23b8a2227003e7ad","tblPassif","Bilan Passif","5aee0eff23b8a2227003e7a7","tblBilanPassif","Bilan Passif","5aee0efe23b8a2227003e78a","PassiCircul","PassiCircul","5aee0efe23b8a2227003e719","DH","Dettes circulantes h.a.o et ressources assimilées","DH-Dettes circulantes h.a.o et ressources assimilées","5aee0efd23b8a2227003e6b3","484",1,false
"5aee0eff23b8a2227003e7ad","tblPassif","Bilan Passif","5aee0eff23b8a2227003e7a7","tblBilanPassif","Bilan Passif","5aee0efe23b8a2227003e78a","PassiCircul","PassiCircul","5aee0efe23b8a2227003e719","DH","Dettes circulantes h.a.o et ressources assimilées","DH-Dettes circulantes h.a.o et ressources assimilées","5aee0efd23b8a2227003e6b4","4998",1,false
"5aee0eff23b8a2227003e7ad","tblPassif","Bilan Passif","5aee0eff23b8a2227003e7a7","tblBilanPassif","Bilan Passif","5aee0efe23b8a2227003e78a","PassiCircul","PassiCircul","5aee0efe23b8a2227003e71a","DI","Clients, avances reçues","DI-Clients, avances reçues","5aee0efd23b8a2227003e6b5","419",1,false
"5aee0eff23b8a2227003e7ad","tblPassif","Bilan Passif","5aee0eff23b8a2227003e7a7","tblBilanPassif","Bilan Passif","5aee0efe23b8a2227003e78a","PassiCircul","PassiCircul","5aee0efe23b8a2227003e71b","DJ","Fournisseurs d'exploitation","DJ-Fournisseurs d'exploitation","5aee0efd23b8a2227003e6b6","401",1,false
"5aee0eff23b8a2227003e7ad","tblPassif","Bilan Passif","5aee0eff23b8a2227003e7a7","tblBilanPassif","Bilan Passif","5aee0efe23b8a2227003e78a","PassiCircul","PassiCircul","5aee0efe23b8a2227003e71b","DJ","Fournisseurs d'exploitation","DJ-Fournisseurs d'exploitation","5aee0efd23b8a2227003e6b7","402",1,false
"5aee0eff23b8a2227003e7ad","tblPassif","Bilan Passif","5aee0eff23b8a2227003e7a7","tblBilanPassif","Bilan Passif","5aee0efe23b8a2227003e78a","PassiCircul","PassiCircul","5aee0efe23b8a2227003e71b","DJ","Fournisseurs d'exploitation","DJ-Fournisseurs d'exploitation","5aee0efd23b8a2227003e6b8","408",1,false
"5aee0eff23b8a2227003e7ad","tblPassif","Bilan Passif","5aee0eff23b8a2227003e7a7","tblBilanPassif","Bilan Passif","5aee0efe23b8a2227003e78a","PassiCircul","PassiCircul","5aee0efe23b8a2227003e71c","DK","Dettes fiscales","DK-Dettes fiscales","5aee0efd23b8a2227003e6b9","441",1,false
"5aee0eff23b8a2227003e7ad","tblPassif","Bilan Passif","5aee0eff23b8a2227003e7a7","tblBilanPassif","Bilan Passif","5aee0efe23b8a2227003e78a","PassiCircul","PassiCircul","5aee0efe23b8a2227003e71c","DK","Dettes fiscales","DK-Dettes fiscales","5aee0efd23b8a2227003e6ba","442",1,false
"5aee0eff23b8a2227003e7ad","tblPassif","Bilan Passif","5aee0eff23b8a2227003e7a7","tblBilanPassif","Bilan Passif","5aee0efe23b8a2227003e78a","PassiCircul","PassiCircul","5aee0efe23b8a2227003e71c","DK","Dettes fiscales","DK-Dettes fiscales","5aee0efd23b8a2227003e6bb","443",1,false
"5aee0eff23b8a2227003e7ad","tblPassif","Bilan Passif","5aee0eff23b8a2227003e7a7","tblBilanPassif","Bilan Passif","5aee0efe23b8a2227003e78a","PassiCircul","PassiCircul","5aee0efe23b8a2227003e71c","DK","Dettes fiscales","DK-Dettes fiscales","5aee0efd23b8a2227003e6bc","446",1,false
"5aee0eff23b8a2227003e7ad","tblPassif","Bilan Passif","5aee0eff23b8a2227003e7a7","tblBilanPassif","Bilan Passif","5aee0efe23b8a2227003e78a","PassiCircul","PassiCircul","5aee0efe23b8a2227003e71c","DK","Dettes fiscales","DK-Dettes fiscales","5aee0efd23b8a2227003e6bd","447",1,false
"5aee0eff23b8a2227003e7ad","tblPassif","Bilan Passif","5aee0eff23b8a2227003e7a7","tblBilanPassif","Bilan Passif","5aee0efe23b8a2227003e78a","PassiCircul","PassiCircul","5aee0efe23b8a2227003e71c","DK","Dettes fiscales","DK-Dettes fiscales","5aee0efd23b8a2227003e6be","4441",1,false
"5aee0eff23b8a2227003e7ad","tblPassif","Bilan Passif","5aee0eff23b8a2227003e7a7","tblBilanPassif","Bilan Passif","5aee0efe23b8a2227003e78a","PassiCircul","PassiCircul","5aee0efe23b8a2227003e71c","DK","Dettes fiscales","DK-Dettes fiscales","5aee0efd23b8a2227003e6bf","4486",1,false
"5aee0eff23b8a2227003e7ad","tblPassif","Bilan Passif","5aee0eff23b8a2227003e7a7","tblBilanPassif","Bilan Passif","5aee0efe23b8a2227003e78a","PassiCircul","PassiCircul","5aee0efe23b8a2227003e71c","DK","Dettes fiscales","DK-Dettes fiscales","5aee0efd23b8a2227003e6c0","4499",1,false
"5aee0eff23b8a2227003e7ad","tblPassif","Bilan Passif","5aee0eff23b8a2227003e7a7","tblBilanPassif","Bilan Passif","5aee0efe23b8a2227003e78a","PassiCircul","PassiCircul","5aee0efe23b8a2227003e71d","DL","Dettes sociales","DL-Dettes sociales","5aee0efd23b8a2227003e6c1","42",1,true
"5aee0eff23b8a2227003e7ad","tblPassif","Bilan Passif","5aee0eff23b8a2227003e7a7","tblBilanPassif","Bilan Passif","5aee0efe23b8a2227003e78a","PassiCircul","PassiCircul","5aee0efe23b8a2227003e71d","DL","Dettes sociales","DL-Dettes sociales","5aee0efd23b8a2227003e6c2","43",1,true
"5aee0eff23b8a2227003e7ad","tblPassif","Bilan Passif","5aee0eff23b8a2227003e7a7","tblBilanPassif","Bilan Passif","5aee0efe23b8a2227003e78a","PassiCircul","PassiCircul","5aee0efe23b8a2227003e71e","DM","Autres dettes","DM-Autres dettes","5aee0efd23b8a2227003e6c3","185",1,false
"5aee0eff23b8a2227003e7ad","tblPassif","Bilan Passif","5aee0eff23b8a2227003e7a7","tblBilanPassif","Bilan Passif","5aee0efe23b8a2227003e78a","PassiCircul","PassiCircul","5aee0efe23b8a2227003e71e","DM","Autres dettes","DM-Autres dettes","5aee0efd23b8a2227003e6c4","472",1,false
"5aee0eff23b8a2227003e7ad","tblPassif","Bilan Passif","5aee0eff23b8a2227003e7a7","tblBilanPassif","Bilan Passif","5aee0efe23b8a2227003e78a","PassiCircul","PassiCircul","5aee0efe23b8a2227003e71e","DM","Autres dettes","DM-Autres dettes","5aee0efd23b8a2227003e6c5","477",1,false
"5aee0eff23b8a2227003e7ad","tblPassif","Bilan Passif","5aee0eff23b8a2227003e7a7","tblBilanPassif","Bilan Passif","5aee0efe23b8a2227003e78a","PassiCircul","PassiCircul","5aee0efe23b8a2227003e71e","DM","Autres dettes","DM-Autres dettes","5aee0efd23b8a2227003e6c6","4712",1,false
"5aee0eff23b8a2227003e7ad","tblPassif","Bilan Passif","5aee0eff23b8a2227003e7a7","tblBilanPassif","Bilan Passif","5aee0efe23b8a2227003e78a","PassiCircul","PassiCircul","5aee0efe23b8a2227003e71f","DN","Risques provisionnés","DN-Risques provisionnés","5aee0efd23b8a2227003e6c7","499",1,true
"5aee0eff23b8a2227003e7ad","tblPassif","Bilan Passif","5aee0eff23b8a2227003e7a7","tblBilanPassif","Bilan Passif","5aee0efe23b8a2227003e78a","PassiCircul","PassiCircul","5aee0efe23b8a2227003e71f","DN","Risques provisionnés","DN-Risques provisionnés","5aee0efd23b8a2227003e6c8","599",1,false
"5aee0eff23b8a2227003e7ad","tblPassif","Bilan Passif","5aee0eff23b8a2227003e7a7","tblBilanPassif","Bilan Passif","5aee0efe23b8a2227003e78b","PrimeReserv","PrimeReserv","5aee0efe23b8a2227003e70d","CD","Primes d'apport, d'émission, de fusion","CD-Primes d'apport, d'émission, de fusion","5aee0efd23b8a2227003e6c9","105",1,false
"5aee0eff23b8a2227003e7ad","tblPassif","Bilan Passif","5aee0eff23b8a2227003e7a7","tblBilanPassif","Bilan Passif","5aee0efe23b8a2227003e78b","PrimeReserv","PrimeReserv","5aee0efe23b8a2227003e70e","CE","Ecarts de réévaluation","CE-Ecarts de réévaluation","5aee0efd23b8a2227003e6ca","106",1,false
"5aee0eff23b8a2227003e7ad","tblPassif","Bilan Passif","5aee0eff23b8a2227003e7a7","tblBilanPassif","Bilan Passif","5aee0efe23b8a2227003e78b","PrimeReserv","PrimeReserv","5aee0efe23b8a2227003e70f","CF","Réserves indisponibles","CF-Réserves indisponibles","5aee0efd23b8a2227003e6cb","111",1,false
"5aee0eff23b8a2227003e7ad","tblPassif","Bilan Passif","5aee0eff23b8a2227003e7a7","tblBilanPassif","Bilan Passif","5aee0efe23b8a2227003e78b","PrimeReserv","PrimeReserv","5aee0efe23b8a2227003e70f","CF","Réserves indisponibles","CF-Réserves indisponibles","5aee0efd23b8a2227003e6cc","112",1,false
"5aee0eff23b8a2227003e7ad","tblPassif","Bilan Passif","5aee0eff23b8a2227003e7a7","tblBilanPassif","Bilan Passif","5aee0efe23b8a2227003e78b","PrimeReserv","PrimeReserv","5aee0efe23b8a2227003e70f","CF","Réserves indisponibles","CF-Réserves indisponibles","5aee0efd23b8a2227003e6cd","113",1,false
"5aee0eff23b8a2227003e7ad","tblPassif","Bilan Passif","5aee0eff23b8a2227003e7a7","tblBilanPassif","Bilan Passif","5aee0efe23b8a2227003e78b","PrimeReserv","PrimeReserv","5aee0efe23b8a2227003e710","CG","Réserves libres","CG-Réserves libres","5aee0efd23b8a2227003e6ce","118",1,false
"5aee0eff23b8a2227003e7ad","tblPassif","Bilan Passif","5aee0eff23b8a2227003e7a7","tblBilanPassif","Bilan Passif","5aee0efe23b8a2227003e78b","PrimeReserv","PrimeReserv","5aee0efe23b8a2227003e711","CH","Report à nouveau","CH-Report à nouveau","5aee0efd23b8a2227003e6cf","12",1,false
"5aee0eff23b8a2227003e7ad","tblPassif","Bilan Passif","5aee0eff23b8a2227003e7a7","tblBilanPassif","Bilan Passif","5aee0efe23b8a2227003e791","ProviFin_Prov","ProviFin_Prov","5aee0efe23b8a2227003e718","DD","Provisions financières pour risques et charges","DD-Provisions financières pour risques et charges","5aee0efd23b8a2227003e6d0","19",1,false
"5aee0eff23b8a2227003e7ad","tblPassif","Bilan Passif","5aee0eff23b8a2227003e7a7","tblBilanPassif","Bilan Passif","5aee0efe23b8a2227003e794","ResultExerc","ResultExerc","5aee0efe23b8a2227003e712","CI","Résultat net de l'exercice  (bénéfice + ou perte -)","CI-Résultat net de l'exercice  (bénéfice + ou perte -)","5aee0efd23b8a2227003e6d1","131",1,false
"5aee0eff23b8a2227003e7af","tblResultat","Résultat","5aee0eff23b8a2227003e7a9","tblResultat","Résultat","5aee0efe23b8a2227003e79d","tblResultNet","tblResultNet","5aee0efe23b8a2227003e712","CI","Résultat net de l'exercice  (bénéfice + ou perte -)","CI-Résultat net de l'exercice  (bénéfice + ou perte -)","5aee0efd23b8a2227003e6d1","131",1,false
"5aee0eff23b8a2227003e7ad","tblPassif","Bilan Passif","5aee0eff23b8a2227003e7a7","tblBilanPassif","Bilan Passif","5aee0efe23b8a2227003e794","ResultExerc","ResultExerc","5aee0efe23b8a2227003e74e","UZ","Resultat net","UZ-Resultat net","5aee0efd23b8a2227003e6d1","131",1,false
"5aee0eff23b8a2227003e7af","tblResultat","Résultat","5aee0eff23b8a2227003e7a9","tblResultat","Résultat","5aee0efe23b8a2227003e79d","tblResultNet","tblResultNet","5aee0efe23b8a2227003e74e","UZ","Resultat net","UZ-Resultat net","5aee0efd23b8a2227003e6d1","131",1,false
"5aee0eff23b8a2227003e7ad","tblPassif","Bilan Passif","5aee0eff23b8a2227003e7a7","tblBilanPassif","Bilan Passif","5aee0efe23b8a2227003e794","ResultExerc","ResultExerc","5aee0efe23b8a2227003e712","CI","Résultat net de l'exercice  (bénéfice + ou perte -)","CI-Résultat net de l'exercice  (bénéfice + ou perte -)","5aee0efd23b8a2227003e6d2","139",1,false
"5aee0eff23b8a2227003e7ad","tblPassif","Bilan Passif","5aee0eff23b8a2227003e7a7","tblBilanPassif","Bilan Passif","5aee0efe23b8a2227003e7a1","TresorPassi","TresorPassi","5aee0efe23b8a2227003e720","DQ","Banques, crédits d'escompte","DQ-Banques, crédits d'escompte","5aee0efd23b8a2227003e6d3","564",1,false
"5aee0eff23b8a2227003e7ad","tblPassif","Bilan Passif","5aee0eff23b8a2227003e7a7","tblBilanPassif","Bilan Passif","5aee0efe23b8a2227003e7a1","TresorPassi","TresorPassi","5aee0efe23b8a2227003e720","DQ","Banques, crédits d'escompte","DQ-Banques, crédits d'escompte","5aee0efd23b8a2227003e6d4","565",1,false
"5aee0eff23b8a2227003e7ad","tblPassif","Bilan Passif","5aee0eff23b8a2227003e7a7","tblBilanPassif","Bilan Passif","5aee0efe23b8a2227003e7a1","TresorPassi","TresorPassi","5aee0efe23b8a2227003e721","DR","Banques, crédits de trésorerie","DR-Banques, crédits de trésorerie","5aee0efd23b8a2227003e6d5","561",1,false
"5aee0eff23b8a2227003e7ad","tblPassif","Bilan Passif","5aee0eff23b8a2227003e7a7","tblBilanPassif","Bilan Passif","5aee0efe23b8a2227003e7a1","TresorPassi","TresorPassi","5aee0efe23b8a2227003e721","DR","Banques, crédits de trésorerie","DR-Banques, crédits de trésorerie","5aee0efd23b8a2227003e6d6","566",1,false
"5aee0eff23b8a2227003e7ac","tblChifAffair","Chiffre d'Affair","5aee0eff23b8a2227003e7a6","tblChifAffair","Chiffre d'Affair","5aee0efe23b8a2227003e78d","ProdMBrutMatier","ProdMBrutMatier","5aee0efe23b8a2227003e73b","TE","Production stockée (ou déstockage)","TE-Production stockée (ou déstockage)","5aee0efd23b8a2227003e6d7","73",1,false
"5aee0eff23b8a2227003e7ae","tblProduidts","Résultat Produits","5aee0eff23b8a2227003e7a8","tblResultPrdts","Résultat Produits","5aee0efe23b8a2227003e78d","ProdMBrutMatier","ProdMBrutMatier","5aee0efe23b8a2227003e73b","TE","Production stockée (ou déstockage)","TE-Production stockée (ou déstockage)","5aee0efd23b8a2227003e6d7","73",1,false
"5aee0eff23b8a2227003e7ac","tblChifAffair","Chiffre d'Affair","5aee0eff23b8a2227003e7a6","tblChifAffair","Chiffre d'Affair","5aee0efe23b8a2227003e78d","ProdMBrutMatier","ProdMBrutMatier","5aee0efe23b8a2227003e73c","TF","Production immobilisée","TF-Production immobilisée","5aee0efd23b8a2227003e6d8","72",1,false
"5aee0eff23b8a2227003e7ae","tblProduidts","Résultat Produits","5aee0eff23b8a2227003e7a8","tblResultPrdts","Résultat Produits","5aee0efe23b8a2227003e78d","ProdMBrutMatier","ProdMBrutMatier","5aee0efe23b8a2227003e73c","TF","Production immobilisée","TF-Production immobilisée","5aee0efd23b8a2227003e6d8","72",1,false
"5aee0eff23b8a2227003e7ae","tblProduidts","Résultat Produits","5aee0eff23b8a2227003e7a8","tblResultPrdts","Résultat Produits","5aee0efe23b8a2227003e78e","ProdtFinanc","ProdtFinanc","5aee0efe23b8a2227003e742","UA","Revenus financiers","UA-Revenus financiers","5aee0efd23b8a2227003e6d9","77",1,true
"5aee0eff23b8a2227003e7ae","tblProduidts","Résultat Produits","5aee0eff23b8a2227003e7a8","tblResultPrdts","Résultat Produits","5aee0efe23b8a2227003e78e","ProdtFinanc","ProdtFinanc","5aee0efe23b8a2227003e743","UC","Gains de change","UC-Gains de change","5aee0efd23b8a2227003e6da","776",1,false
"5aee0eff23b8a2227003e7ae","tblProduidts","Résultat Produits","5aee0eff23b8a2227003e7a8","tblResultPrdts","Résultat Produits","5aee0efe23b8a2227003e78e","ProdtFinanc","ProdtFinanc","5aee0efe23b8a2227003e744","UD","Reprises de provisions","UD-Reprises de provisions","5aee0efd23b8a2227003e6db","797",1,false
"5aee0eff23b8a2227003e7ae","tblProduidts","Résultat Produits","5aee0eff23b8a2227003e7a8","tblResultPrdts","Résultat Produits","5aee0efe23b8a2227003e78e","ProdtFinanc","ProdtFinanc","5aee0efe23b8a2227003e745","UE","Transferts de charges","UE-Transferts de charges","5aee0efd23b8a2227003e6dc","787",1,false
"5aee0eff23b8a2227003e7ae","tblProduidts","Résultat Produits","5aee0eff23b8a2227003e7a8","tblResultPrdts","Résultat Produits","5aee0efe23b8a2227003e78f","ProdtHAO","ProdtHAO","5aee0efe23b8a2227003e746","UK","Produits des cessions d'immobilisations","UK-Produits des cessions d'immobilisations","5aee0efd23b8a2227003e6dd","82",1,false
"5aee0eff23b8a2227003e7ae","tblProduidts","Résultat Produits","5aee0eff23b8a2227003e7a8","tblResultPrdts","Résultat Produits","5aee0efe23b8a2227003e78f","ProdtHAO","ProdtHAO","5aee0efe23b8a2227003e747","UL","Produits hao","UL-Produits hao","5aee0efd23b8a2227003e6de","84",1,true
"5aee0eff23b8a2227003e7ae","tblProduidts","Résultat Produits","5aee0eff23b8a2227003e7a8","tblResultPrdts","Résultat Produits","5aee0efe23b8a2227003e78f","ProdtHAO","ProdtHAO","5aee0efe23b8a2227003e747","UL","Produits hao","UL-Produits hao","5aee0efd23b8a2227003e6df","88",1,false
"5aee0eff23b8a2227003e7ae","tblProduidts","Résultat Produits","5aee0eff23b8a2227003e7a8","tblResultPrdts","Résultat Produits","5aee0efe23b8a2227003e78f","ProdtHAO","ProdtHAO","5aee0efe23b8a2227003e748","UM","Reprises hao","UM-Reprises hao","5aee0efd23b8a2227003e6e0","86",1,false
"5aee0eff23b8a2227003e7ae","tblProduidts","Résultat Produits","5aee0eff23b8a2227003e7a8","tblResultPrdts","Résultat Produits","5aee0efe23b8a2227003e78f","ProdtHAO","ProdtHAO","5aee0efe23b8a2227003e749","UN","Transferts de charges","UN-Transferts de charges","5aee0efd23b8a2227003e6e1","848",1,false
"5aee0eff23b8a2227003e7ac","tblChifAffair","Chiffre d'Affair","5aee0eff23b8a2227003e7a6","tblChifAffair","Chiffre d'Affair","5aee0efe23b8a2227003e790","ProdValAjout","ProdValAjout","5aee0efe23b8a2227003e73e","TK","Subventions d'exploitation","TK-Subventions d'exploitation","5aee0efd23b8a2227003e6e2","71",1,false
"5aee0eff23b8a2227003e7ae","tblProduidts","Résultat Produits","5aee0eff23b8a2227003e7a8","tblResultPrdts","Résultat Produits","5aee0efe23b8a2227003e790","ProdValAjout","ProdValAjout","5aee0efe23b8a2227003e73e","TK","Subventions d'exploitation","TK-Subventions d'exploitation","5aee0efd23b8a2227003e6e2","71",1,false
"5aee0eff23b8a2227003e7ac","tblChifAffair","Chiffre d'Affair","5aee0eff23b8a2227003e7a6","tblChifAffair","Chiffre d'Affair","5aee0efe23b8a2227003e790","ProdValAjout","ProdValAjout","5aee0efe23b8a2227003e73f","TL","Autres produits","TL-Autres produits","5aee0efd23b8a2227003e6e3","75",1,false
"5aee0eff23b8a2227003e7ae","tblProduidts","Résultat Produits","5aee0eff23b8a2227003e7a8","tblResultPrdts","Résultat Produits","5aee0efe23b8a2227003e790","ProdValAjout","ProdValAjout","5aee0efe23b8a2227003e73f","TL","Autres produits","TL-Autres produits","5aee0efd23b8a2227003e6e3","75",1,false
"5aee0eff23b8a2227003e7ae","tblProduidts","Résultat Produits","5aee0eff23b8a2227003e7a8","tblResultPrdts","Résultat Produits","5aee0efe23b8a2227003e793","RepriProv","RepriProv","5aee0efe23b8a2227003e740","TS","Reprises de provisions","TS-Reprises de provisions","5aee0efd23b8a2227003e6e4","791",1,false
"5aee0eff23b8a2227003e7ae","tblProduidts","Résultat Produits","5aee0eff23b8a2227003e7a8","tblResultPrdts","Résultat Produits","5aee0efe23b8a2227003e793","RepriProv","RepriProv","5aee0efe23b8a2227003e740","TS","Reprises de provisions","TS-Reprises de provisions","5aee0efd23b8a2227003e6e5","798",1,false
"5aee0eff23b8a2227003e7ae","tblProduidts","Résultat Produits","5aee0eff23b8a2227003e7a8","tblResultPrdts","Résultat Produits","5aee0efe23b8a2227003e79f","TransfChrge","TransfChrge","5aee0efe23b8a2227003e741","TT","Transferts de charges","TT-Transferts de charges","5aee0efd23b8a2227003e6e6","781",1,false
"5aee0eff23b8a2227003e7af","tblResultat","Résultat","5aee0eff23b8a2227003e7a9","tblResultat","Résultat","5aee0efe23b8a2227003e796","tblResultActOrd","tblResultActOrd","5aee0efe23b8a2227003e74d","UI","Resultat des activites ordinaires (1)","UI-Resultat des activites ordinaires (1)","5aee0efd23b8a2227003e6e7","137",1,false
"5aee0eff23b8a2227003e7af","tblResultat","Résultat","5aee0eff23b8a2227003e7a9","tblResultat","Résultat","5aee0efe23b8a2227003e797","tblResultExBruExpl","tblResultExBruExpl","5aee0efe23b8a2227003e74c","TQ","Excédent brut d'exploitation (e.b.e.)","TQ-Excédent brut d'exploitation (e.b.e.)","5aee0efd23b8a2227003e6e8","134",1,false
"5aee0eff23b8a2227003e7af","tblResultat","Résultat","5aee0eff23b8a2227003e7a9","tblResultat","Résultat","5aee0efe23b8a2227003e798","tblResultExpl","tblResultExpl","5aee0efe23b8a2227003e750","TX","Résultat d'exploitation (r.e.)","TX-Résultat d'exploitation (r.e.)","5aee0efd23b8a2227003e6e9","135",1,false
"5aee0eff23b8a2227003e7af","tblResultat","Résultat","5aee0eff23b8a2227003e7a9","tblResultat","Résultat","5aee0efe23b8a2227003e799","tblResultFinanc ","tblResultFinanc ","5aee0efe23b8a2227003e74a","UG","Resultat financiers (- ou +)","UG-Resultat financiers (- ou +)","5aee0efd23b8a2227003e6ea","136",1,false
"5aee0eff23b8a2227003e7af","tblResultat","Résultat","5aee0eff23b8a2227003e7a9","tblResultat","Résultat","5aee0efe23b8a2227003e79a","tblResultHOA","tblResultHOA","5aee0efe23b8a2227003e751","UP","Resultat h.a.o (+ ou -)","UP-Resultat h.a.o (+ ou -)","5aee0efd23b8a2227003e6eb","138",1,false
"5aee0eff23b8a2227003e7af","tblResultat","Résultat","5aee0eff23b8a2227003e7a9","tblResultat","Résultat","5aee0efe23b8a2227003e79b","tblResultMBrutMarch","tblResultMBrutMarch","5aee0efe23b8a2227003e74b","TB","Marge brute sur marchandises","TB-Marge brute sur marchandises","5aee0efd23b8a2227003e6ec","1321",1,false
"5aee0eff23b8a2227003e7af","tblResultat","Résultat","5aee0eff23b8a2227003e7a9","tblResultat","Résultat","5aee0efe23b8a2227003e79c","tblResultMBrutMatier","tblResultMBrutMatier","5aee0efe23b8a2227003e74f","TG","Marge brute sur matières","TG-Marge brute sur matières","5aee0efd23b8a2227003e6ed","1322",1,false
"5aee0eff23b8a2227003e7af","tblResultat","Résultat","5aee0eff23b8a2227003e7a9","tblResultat","Résultat","5aee0efe23b8a2227003e79e","tblResultValAjout","tblResultValAjout","5aee0efe23b8a2227003e752","TN","Valeur ajoutée (v.a.)","TN-Valeur ajoutée (v.a.)","5aee0efd23b8a2227003e6ee","133",1,false